DROP TABLE IF EXISTS SEG_Areas;
CREATE TABLE SEG_Areas (
	ID integer PRIMARY KEY,
	Name varchar(250) NOT NULL,
	SortingOrder integer,
	ParentAreaID integer
);

DROP TABLE IF EXISTS SEG_Routes;
CREATE TABLE SEG_Routes (
	ID integer PRIMARY KEY,
	Name varchar(250) NOT NULL
);

DROP TABLE IF EXISTS SEG_Segments;
CREATE TABLE SEG_Segments (
	ID integer PRIMARY KEY,
	RouteID integer NOT NULL REFERENCES SEG_Routes(ID),
	NameID varchar(90) NULL,
	Name varchar(250) NOT NULL,
	SortingOrder integer NOT NULL,
	PrimaryMP float NULL,
	PrimaryLatitude float NULL,
	PrimaryLongitude float NULL,
	SecondaryMP float NULL,
	SecondaryLatitude float NULL,
	SecondaryLongitude float NULL,
	RouteSegmentIndex integer NOT NULL,
	ParentAreaID integer NULL,
	ParentSubAreaID integer NULL
);

DROP TABLE IF EXISTS SEG_AreaSegments;
CREATE TABLE SEG_AreaSegments (
	AreaID integer NOT NULL REFERENCES SEG_Areas(ID),
	SegmentID integer NOT NULL REFERENCES SEG_Segments(ID),
 CONSTRAINT SEG_AreaSegments_pk PRIMARY KEY
(
	AreaID,
	SegmentID
));


INSERT INTO SEG_Areas (ID, Name, SortingOrder, ParentAreaID) VALUES (3, N'04 - Howe Sound', 4, 50);
INSERT INTO SEG_Areas (ID, Name, SortingOrder, ParentAreaID) VALUES (4, N'05 - Sunshine Coast', 5, 50);
INSERT INTO SEG_Areas (ID, Name, SortingOrder, ParentAreaID) VALUES (5, N'06 - Lower Mainland', 6, 50);
INSERT INTO SEG_Areas (ID, Name, SortingOrder, ParentAreaID) VALUES (6, N'07 - Fraser Valley', 7, 50);
INSERT INTO SEG_Areas (ID, Name, SortingOrder, ParentAreaID) VALUES (8, N'01 - South Island', 1, 46);
INSERT INTO SEG_Areas (ID, Name, SortingOrder, ParentAreaID) VALUES (9, N'02 - Central Island', 2, 46);
INSERT INTO SEG_Areas (ID, Name, SortingOrder, ParentAreaID) VALUES (10, N'03 - North Island', 3, 46);
INSERT INTO SEG_Areas (ID, Name, SortingOrder, ParentAreaID) VALUES (12, N'11 - East Kootenay', 11, 47);
INSERT INTO SEG_Areas (ID, Name, SortingOrder, ParentAreaID) VALUES (13, N'12 - Selkirk', 12, 47);
INSERT INTO SEG_Areas (ID, Name, SortingOrder, ParentAreaID) VALUES (15, N'09 - Kootenay', 9, 44);
INSERT INTO SEG_Areas (ID, Name, SortingOrder, ParentAreaID) VALUES (16, N'10 - Central Kootenay', 10, 44);
INSERT INTO SEG_Areas (ID, Name, SortingOrder, ParentAreaID) VALUES (18, N'08 - South Okanagan', 8, 41);
INSERT INTO SEG_Areas (ID, Name, SortingOrder, ParentAreaID) VALUES (19, N'13 - Okanagan / Shuswap', 13, 41);
INSERT INTO SEG_Areas (ID, Name, SortingOrder, ParentAreaID) VALUES (21, N'14 - Nicola', 14, 42);
INSERT INTO SEG_Areas (ID, Name, SortingOrder, ParentAreaID) VALUES (22, N'15 - Thompson', 15, 42);
INSERT INTO SEG_Areas (ID, Name, SortingOrder, ParentAreaID) VALUES (24, N'16 - South Cariboo', 16, 48);
INSERT INTO SEG_Areas (ID, Name, SortingOrder, ParentAreaID) VALUES (25, N'17 - Central Cariboo', 17, 48);
INSERT INTO SEG_Areas (ID, Name, SortingOrder, ParentAreaID) VALUES (26, N'18 - North Cariboo', 18, 48);
INSERT INTO SEG_Areas (ID, Name, SortingOrder, ParentAreaID) VALUES (28, N'21 - South Peace', 21, 51);
INSERT INTO SEG_Areas (ID, Name, SortingOrder, ParentAreaID) VALUES (29, N'22 - North Peace', 22, 51);
INSERT INTO SEG_Areas (ID, Name, SortingOrder, ParentAreaID) VALUES (31, N'19 - Fort George', 19, 45);
INSERT INTO SEG_Areas (ID, Name, SortingOrder, ParentAreaID) VALUES (32, N'20 - Robson', 20, 45);
INSERT INTO SEG_Areas (ID, Name, SortingOrder, ParentAreaID) VALUES (33, N'23 - Nechako', 23, 45);
INSERT INTO SEG_Areas (ID, Name, SortingOrder, ParentAreaID) VALUES (35, N'24 - Lakes', 24, 43);
INSERT INTO SEG_Areas (ID, Name, SortingOrder, ParentAreaID) VALUES (36, N'25 - Bulkley Nass', 25, 43);
INSERT INTO SEG_Areas (ID, Name, SortingOrder, ParentAreaID) VALUES (37, N'28 - Stikine', 28, 43);
INSERT INTO SEG_Areas (ID, Name, SortingOrder, ParentAreaID) VALUES (39, N'26 - Skeena', 26, 49);
INSERT INTO SEG_Areas (ID, Name, SortingOrder, ParentAreaID) VALUES (40, N'27 - North Coast', 27, 49);
INSERT INTO SEG_Areas (ID, Name, SortingOrder, ParentAreaID) VALUES (41, N'05 - Okanagan-Shuswap', 5, NULL);
INSERT INTO SEG_Areas (ID, Name, SortingOrder, ParentAreaID) VALUES (42, N'06 - Thompson-Nicola', 6, NULL);
INSERT INTO SEG_Areas (ID, Name, SortingOrder, ParentAreaID) VALUES (43, N'10 - Bulkley-Stikine', 10, NULL);
INSERT INTO SEG_Areas (ID, Name, SortingOrder, ParentAreaID) VALUES (44, N'04 - West Kootenay', 4, NULL);
INSERT INTO SEG_Areas (ID, Name, SortingOrder, ParentAreaID) VALUES (45, N'09 - Fort George', 9, NULL);
INSERT INTO SEG_Areas (ID, Name, SortingOrder, ParentAreaID) VALUES (46, N'02 - Vancouver Island', 2, NULL);
INSERT INTO SEG_Areas (ID, Name, SortingOrder, ParentAreaID) VALUES (47, N'03 - Rocky Mountain', 3, NULL);
INSERT INTO SEG_Areas (ID, Name, SortingOrder, ParentAreaID) VALUES (48, N'07 - Cariboo', 7, NULL);
INSERT INTO SEG_Areas (ID, Name, SortingOrder, ParentAreaID) VALUES (49, N'11 - Skeena', 11, NULL);
INSERT INTO SEG_Areas (ID, Name, SortingOrder, ParentAreaID) VALUES (50, N'01 - Lower Mainland', 1, NULL);
INSERT INTO SEG_Areas (ID, Name, SortingOrder, ParentAreaID) VALUES (51, N'08 - Peace', 8, NULL);

INSERT INTO SEG_Routes (ID, Name) VALUES (1, N'Highway 1');
INSERT INTO SEG_Routes (ID, Name) VALUES (2, N'Highway 10');
INSERT INTO SEG_Routes (ID, Name) VALUES (3, N'Highway 101');
INSERT INTO SEG_Routes (ID, Name) VALUES (4, N'Highway 11');
INSERT INTO SEG_Routes (ID, Name) VALUES (5, N'Nisga''a Hwy');
INSERT INTO SEG_Routes (ID, Name) VALUES (6, N'Highway 118');
INSERT INTO SEG_Routes (ID, Name) VALUES (7, N'Highway 12');
INSERT INTO SEG_Routes (ID, Name) VALUES (8, N'Highway 13');
INSERT INTO SEG_Routes (ID, Name) VALUES (9, N'Highway 14');
INSERT INTO SEG_Routes (ID, Name) VALUES (10, N'Highway 15');
INSERT INTO SEG_Routes (ID, Name) VALUES (11, N'Highway 16');
INSERT INTO SEG_Routes (ID, Name) VALUES (12, N'Highway 17');
INSERT INTO SEG_Routes (ID, Name) VALUES (13, N'Highway 18');
INSERT INTO SEG_Routes (ID, Name) VALUES (14, N'Highway 2');
INSERT INTO SEG_Routes (ID, Name) VALUES (15, N'Highway 20');
INSERT INTO SEG_Routes (ID, Name) VALUES (16, N'Highway 21');
INSERT INTO SEG_Routes (ID, Name) VALUES (17, N'Highway 22');
INSERT INTO SEG_Routes (ID, Name) VALUES (18, N'Highway 22A');
INSERT INTO SEG_Routes (ID, Name) VALUES (19, N'Highway 24');
INSERT INTO SEG_Routes (ID, Name) VALUES (20, N'Highway 26');
INSERT INTO SEG_Routes (ID, Name) VALUES (21, N'Highway 27');
INSERT INTO SEG_Routes (ID, Name) VALUES (22, N'Highway 28');
INSERT INTO SEG_Routes (ID, Name) VALUES (23, N'Highway 3');
INSERT INTO SEG_Routes (ID, Name) VALUES (24, N'Highway 30');
INSERT INTO SEG_Routes (ID, Name) VALUES (25, N'Highway 31');
INSERT INTO SEG_Routes (ID, Name) VALUES (26, N'Highway 31A');
INSERT INTO SEG_Routes (ID, Name) VALUES (27, N'Highway 33');
INSERT INTO SEG_Routes (ID, Name) VALUES (28, N'Highway 35');
INSERT INTO SEG_Routes (ID, Name) VALUES (29, N'Highway 37A');
INSERT INTO SEG_Routes (ID, Name) VALUES (30, N'Highway 39');
INSERT INTO SEG_Routes (ID, Name) VALUES (31, N'Highway 395');
INSERT INTO SEG_Routes (ID, Name) VALUES (32, N'Highway 4');
INSERT INTO SEG_Routes (ID, Name) VALUES (33, N'Highway 41');
INSERT INTO SEG_Routes (ID, Name) VALUES (34, N'Highway 43');
INSERT INTO SEG_Routes (ID, Name) VALUES (35, N'Highway 49');
INSERT INTO SEG_Routes (ID, Name) VALUES (36, N'Highway 4A');
INSERT INTO SEG_Routes (ID, Name) VALUES (38, N'Highway 52 E');
INSERT INTO SEG_Routes (ID, Name) VALUES (40, N'Highway 7');
INSERT INTO SEG_Routes (ID, Name) VALUES (41, N'Highway 77');
INSERT INTO SEG_Routes (ID, Name) VALUES (42, N'Highway 7B');
INSERT INTO SEG_Routes (ID, Name) VALUES (43, N'Highway 8');
INSERT INTO SEG_Routes (ID, Name) VALUES (44, N'Highway 91');
INSERT INTO SEG_Routes (ID, Name) VALUES (45, N'Highway 91A');
INSERT INTO SEG_Routes (ID, Name) VALUES (46, N'Highway 95A');
INSERT INTO SEG_Routes (ID, Name) VALUES (47, N'Highway 97A');
INSERT INTO SEG_Routes (ID, Name) VALUES (48, N'Highway 97B');
INSERT INTO SEG_Routes (ID, Name) VALUES (49, N'Highway 97D');
INSERT INTO SEG_Routes (ID, Name) VALUES (51, N'Highway 17A');
INSERT INTO SEG_Routes (ID, Name) VALUES (52, N'Highway 19');
INSERT INTO SEG_Routes (ID, Name) VALUES (53, N'Highway 19A');
INSERT INTO SEG_Routes (ID, Name) VALUES (54, N'Highway 1A');
INSERT INTO SEG_Routes (ID, Name) VALUES (55, N'Highway 23');
INSERT INTO SEG_Routes (ID, Name) VALUES (56, N'Highway 29');
INSERT INTO SEG_Routes (ID, Name) VALUES (57, N'Highway 37S');
INSERT INTO SEG_Routes (ID, Name) VALUES (58, N'Highway 3A');
INSERT INTO SEG_Routes (ID, Name) VALUES (59, N'Highway 3B');
INSERT INTO SEG_Routes (ID, Name) VALUES (60, N'Highway 5');
INSERT INTO SEG_Routes (ID, Name) VALUES (61, N'Highway 5A');
INSERT INTO SEG_Routes (ID, Name) VALUES (62, N'Highway 6 NS');
INSERT INTO SEG_Routes (ID, Name) VALUES (64, N'Highway 9');
INSERT INTO SEG_Routes (ID, Name) VALUES (65, N'Highway 93');
INSERT INTO SEG_Routes (ID, Name) VALUES (66, N'Highway 95');
INSERT INTO SEG_Routes (ID, Name) VALUES (67, N'Highway 97');
INSERT INTO SEG_Routes (ID, Name) VALUES (68, N'Highway 97C');
INSERT INTO SEG_Routes (ID, Name) VALUES (69, N'Highway 99');
INSERT INTO SEG_Routes (ID, Name) VALUES (86, N'Atlin Hwy');
INSERT INTO SEG_Routes (ID, Name) VALUES (87, N'Blackwater Rd');
INSERT INTO SEG_Routes (ID, Name) VALUES (91, N'Dog Creek Rd');
INSERT INTO SEG_Routes (ID, Name) VALUES (93, N'Head Bay Rd');
INSERT INTO SEG_Routes (ID, Name) VALUES (94, N'Hemlock Valley Rd');
INSERT INTO SEG_Routes (ID, Name) VALUES (96, N'Horsefly-Likely Rd');
INSERT INTO SEG_Routes (ID, Name) VALUES (97, N'Horsefly Rd');
INSERT INTO SEG_Routes (ID, Name) VALUES (102, N'Likely Rd');
INSERT INTO SEG_Routes (ID, Name) VALUES (103, N'Road 40');
INSERT INTO SEG_Routes (ID, Name) VALUES (107, N'Mountain House Rd');
INSERT INTO SEG_Routes (ID, Name) VALUES (108, N'Nazko Rd');
INSERT INTO SEG_Routes (ID, Name) VALUES (110, N'Mount Washington Rd');
INSERT INTO SEG_Routes (ID, Name) VALUES (114, N'Westside Rd');
INSERT INTO SEG_Routes (ID, Name) VALUES (117, N'Telegraph Creek Rd');
INSERT INTO SEG_Routes (ID, Name) VALUES (118, N'Highway 52 N');
INSERT INTO SEG_Routes (ID, Name) VALUES (119, N'Cecil Lake Rd');
INSERT INTO SEG_Routes (ID, Name) VALUES (120, N'Highway 6 EW');
INSERT INTO SEG_Routes (ID, Name) VALUES (121, N'Ocean View Dr');
INSERT INTO SEG_Routes (ID, Name) VALUES (122, N'Highway 37N');

INSERT INTO SEG_Segments (ID, RouteID, NameID, Name, SortingOrder, PrimaryMP, PrimaryLatitude, PrimaryLongitude, SecondaryMP, SecondaryLatitude, SecondaryLongitude, RouteSegmentIndex, ParentAreaID, ParentSubAreaID) VALUES (6, 13, N'Hwy 18 - Paldi Rd to Tansor Rd', N'Highway 18, between Paldi Rd and Drinkwater Rd (15 to 21 miles east of Lake Cowichan)', 30, 16.5675925, 48.7969222522601, -123.84541200193085, 22.6311753, 48.798855169398344, -123.76514274760137, 3, 46, 8);
INSERT INTO SEG_Segments (ID, RouteID, NameID, Name, SortingOrder, PrimaryMP, PrimaryLatitude, PrimaryLongitude, SecondaryMP, SecondaryLatitude, SecondaryLongitude, RouteSegmentIndex, ParentAreaID, ParentSubAreaID) VALUES (8, 103, N'Road 40 (Hwy 40) - Mission Dam to Goldbridge', N'Road 40 (Lillooet-Pioneer Rd), between Haylmore Ave and Michelmoon FSR (42 to 99 miles west of Lillooet)', 6, 14.7712489, 50.851470867388052, -122.83917053121097, 71.5092546, 50.789659966514478, -122.21995965874567, 1, 48, 24);
INSERT INTO SEG_Segments (ID, RouteID, NameID, Name, SortingOrder, PrimaryMP, PrimaryLatitude, PrimaryLongitude, SecondaryMP, SecondaryLatitude, SecondaryLongitude, RouteSegmentIndex, ParentAreaID, ParentSubAreaID) VALUES (10, 114, N'Westside Rd - Shelter Cove to Junction with Hwy 97', N'Westside Rd, between Sneena Rd (2 miles west of West Kelowna) and Deighton Rd (17 miles east of West Kelowna)', 25, 0, 49.881400535280406, -119.53428752293652, 22.8012917, 50.061028004142855, -119.49804716385627, 1, 41, 18);
INSERT INTO SEG_Segments (ID, RouteID, NameID, Name, SortingOrder, PrimaryMP, PrimaryLatitude, PrimaryLongitude, SecondaryMP, SecondaryLatitude, SecondaryLongitude, RouteSegmentIndex, ParentAreaID, ParentSubAreaID) VALUES (11, 1, N'Hwy 1 - Boundary Rd to Brunette Ave', N'Highway 1, between Highway 7 (near Vancouver) and Exit 40: Brunette Ave (near Coquitlam)', 2, 202.9586731, 49.2610633952698, -123.02390854286934, 215.443478, 49.234596046602562, -122.87905394857675, 19, 50, 5);
INSERT INTO SEG_Segments (ID, RouteID, NameID, Name, SortingOrder, PrimaryMP, PrimaryLatitude, PrimaryLongitude, SecondaryMP, SecondaryLatitude, SecondaryLongitude, RouteSegmentIndex, ParentAreaID, ParentSubAreaID) VALUES (12, 1, N'Hwy 1 - 264th St to Abbotsford', N'Highway 1, between 248 St (near Langley - District) and Exit 92: Highway 11 (near Abbotsford)', 1, 248.2197486, 49.101391912160089, -122.4929887189374, 266.8875463, 49.033354901911942, -122.26637705239942, 24, 50, 6);
INSERT INTO SEG_Segments (ID, RouteID, NameID, Name, SortingOrder, PrimaryMP, PrimaryLatitude, PrimaryLongitude, SecondaryMP, SecondaryLatitude, SecondaryLongitude, RouteSegmentIndex, ParentAreaID, ParentSubAreaID) VALUES (13, 1, N'Hwy 1 - Hope to Yale', N'Highway 1, between Highway 7 (1 mile east of Hope) and Regent St (near Yale)', 7, 349.3417176, 49.396162507987711, -121.45714930410112, 370.1548497, 49.562747014543682, -121.42886747603878, 30, 50, 6);
INSERT INTO SEG_Segments (ID, RouteID, NameID, Name, SortingOrder, PrimaryMP, PrimaryLatitude, PrimaryLongitude, SecondaryMP, SecondaryLatitude, SecondaryLongitude, RouteSegmentIndex, ParentAreaID, ParentSubAreaID) VALUES (14, 4, N'Hwy 11 - BC/Washington Border to Hwy 7 in Mission', N'Highway 11, between the start of Highway 11 (British Columbia and USA Border) and Cedar Valley Conn (Mission)', 18, 0, 49.0026799929346, -122.265078315155, 17.079, 49.13299545, -122.3260557, 1, 50, 6);
INSERT INTO SEG_Segments (ID, RouteID, NameID, Name, SortingOrder, PrimaryMP, PrimaryLatitude, PrimaryLongitude, SecondaryMP, SecondaryLatitude, SecondaryLongitude, RouteSegmentIndex, ParentAreaID, ParentSubAreaID) VALUES (17, 11, N'Hwy 16 - Masset to Port Clements', N'Highway 16 (on Haida Gwaii), between Old Beach Rd (near Masset) and Adams Rd (near Port Clements)', 1, 25.4658746, 54.009651276224744, -132.13591261880129, 65.6659672, 53.688375234915107, -132.16332426855752, 1, 49, 40);
INSERT INTO SEG_Segments (ID, RouteID, NameID, Name, SortingOrder, PrimaryMP, PrimaryLatitude, PrimaryLongitude, SecondaryMP, SecondaryLatitude, SecondaryLongitude, RouteSegmentIndex, ParentAreaID, ParentSubAreaID) VALUES (18, 23, N'Hwy 3 - Junction Hwy 5A Princeton to Hedley', N'Highway 3, between Highway 5A (near Princeton) and Daly Ave (Hedley)', 4, 133.6291864, 49.458285236868605, -120.50493391564409, 171.2737, 49.3560308445, -120.078434725, 6, 41, 18);
INSERT INTO SEG_Segments (ID, RouteID, NameID, Name, SortingOrder, PrimaryMP, PrimaryLatitude, PrimaryLongitude, SecondaryMP, SecondaryLatitude, SecondaryLongitude, RouteSegmentIndex, ParentAreaID, ParentSubAreaID) VALUES (21, 40, N'Hwy 7 - Junction Hwy 1A to Mary Hill Bypass', N'Highway 7, between Highway 1A (Vancouver) and Highway 7B (near Port Coquitlam)', 7, 0, 49.2628751, -123.0996536, 32.0338583, 49.250801199775609, -122.73689999677785, 1, 50, 5);
INSERT INTO SEG_Segments (ID, RouteID, NameID, Name, SortingOrder, PrimaryMP, PrimaryLatitude, PrimaryLongitude, SecondaryMP, SecondaryLatitude, SecondaryLongitude, RouteSegmentIndex, ParentAreaID, ParentSubAreaID) VALUES (22, 40, N'Hwy 7 - Pitt River Bridge to 222nd St', N'Highway 7, between Ottawa St (near Port Coquitlam) and Haney Bypass (near Maple Ridge)', 8, 32.0338583, 49.250801199775609, -122.73689999677785, 42.4890429, 49.216879105864564, -122.60749057170543, 2, 50, 5);
INSERT INTO SEG_Segments (ID, RouteID, NameID, Name, SortingOrder, PrimaryMP, PrimaryLatitude, PrimaryLongitude, SecondaryMP, SecondaryLatitude, SecondaryLongitude, RouteSegmentIndex, ParentAreaID, ParentSubAreaID) VALUES (23, 40, N'Hwy 7 - 222nd St to Ruskin', N'Highway 7, between 221 St and 287 St (near Maple Ridge)', 9, 42.4890429, 49.216879105864564, -122.60749057170543, 58.00641, 49.173103762171273, -122.42517666619513, 3, 50, 5);
INSERT INTO SEG_Segments (ID, RouteID, NameID, Name, SortingOrder, PrimaryMP, PrimaryLatitude, PrimaryLongitude, SecondaryMP, SecondaryLatitude, SecondaryLongitude, RouteSegmentIndex, ParentAreaID, ParentSubAreaID) VALUES (26, 23, N'Hwy 3 - Sumallo Rd to Sunday Summit FSR', N'Highway 3, between First Avalanche Gate (17 miles east of Hope) and Saturday Creek (3 miles west of Sunday Summit)', 10, 20.8201364, 49.276259512541337, -121.23514853317407, 99.4499335, 49.238868285773918, -120.56189449961126, 2, 50, 6);
INSERT INTO SEG_Segments (ID, RouteID, NameID, Name, SortingOrder, PrimaryMP, PrimaryLatitude, PrimaryLongitude, SecondaryMP, SecondaryLatitude, SecondaryLongitude, RouteSegmentIndex, ParentAreaID, ParentSubAreaID) VALUES (27, 23, N'Hwy 3 - Hope to Sumallo Rd', N'Highway 3, between Highway 1 and Sunshine Valley (17 miles east of Hope)', 9, 0, 49.3706916649035, -121.448517884572, 20.8201364, 49.276259512541337, -121.23514853317407, 1, 50, 6);
INSERT INTO SEG_Segments (ID, RouteID, NameID, Name, SortingOrder, PrimaryMP, PrimaryLatitude, PrimaryLongitude, SecondaryMP, SecondaryLatitude, SecondaryLongitude, RouteSegmentIndex, ParentAreaID, ParentSubAreaID) VALUES (28, 38, N'Hwy 52E - Junction Hwy 2 Tupper to Thunder', N'Highway 52 E, between Highway 2 and Stone Creek Rd (79 to 144 miles east of Tumbler Ridge)', 8, 0, 55.485515302148528, -120.03136361576438, 65, 54.981954958119658, -120.22446886623932, 1, 51, 28);
INSERT INTO SEG_Segments (ID, RouteID, NameID, Name, SortingOrder, PrimaryMP, PrimaryLatitude, PrimaryLongitude, SecondaryMP, SecondaryLatitude, SecondaryLongitude, RouteSegmentIndex, ParentAreaID, ParentSubAreaID) VALUES (29, 38, N'Hwy 52E - Thunder to Tumbler Ridge', N'Highway 52 E, between Kelly Lake Rd (79 miles east of Tumbler Ridge) and Highway 52 N; Highway 29 (Tumbler Ridge)', 9, 65, 54.981954958119658, -120.22446886623932, 144.41, 55.111146678110465, -120.96947347441861, 2, 51, 28);
INSERT INTO SEG_Segments (ID, RouteID, NameID, Name, SortingOrder, PrimaryMP, PrimaryLatitude, PrimaryLongitude, SecondaryMP, SecondaryLatitude, SecondaryLongitude, RouteSegmentIndex, ParentAreaID, ParentSubAreaID) VALUES (30, 118, N'Hwy 52N - Brassey to Junction with Hwy 97 (Arras)', N'Highway 52 N (Heritage Highway), between Highway 97 and Brassey Rd (77 to 94 miles north of Tumbler Ridge)', 11, 0, 55.7574059169106, -120.558234546492, 16.8183322, 55.613670464902889, -120.57568521103784, 1, 51, 28);
INSERT INTO SEG_Segments (ID, RouteID, NameID, Name, SortingOrder, PrimaryMP, PrimaryLatitude, PrimaryLongitude, SecondaryMP, SecondaryLatitude, SecondaryLongitude, RouteSegmentIndex, ParentAreaID, ParentSubAreaID) VALUES (31, 1, N'Hwy 1 - Kamloops to Monte Creek', N'Highway 1, between Valleyview Dr and Miners Bluff Rd (6 miles east of Kamloops)', 2, 623.8327993, 50.674113738248273, -120.29404425239743, 648.6053371, 50.649553934114671, -119.95618220907748, 36, 42, 22);
INSERT INTO SEG_Segments (ID, RouteID, NameID, Name, SortingOrder, PrimaryMP, PrimaryLatitude, PrimaryLongitude, SecondaryMP, SecondaryLatitude, SecondaryLongitude, RouteSegmentIndex, ParentAreaID, ParentSubAreaID) VALUES (41, 102, N'Likely Rd - Junction with Horsefly Rd to Likely', N'Likely Rd, between Horsefly Rd (78 miles south of Likely) and Quesnel Forks Rd (Likely)', 14, 0, 52.152661297051885, -121.94933981901914, 78.414, 52.615905616734032, -121.57181543142281, 1, 48, 25);
INSERT INTO SEG_Segments (ID, RouteID, NameID, Name, SortingOrder, PrimaryMP, PrimaryLatitude, PrimaryLongitude, SecondaryMP, SecondaryLatitude, SecondaryLongitude, RouteSegmentIndex, ParentAreaID, ParentSubAreaID) VALUES (45, 9, N'Hwy 14 - Port Renfrew to Jordan River', N'Highway 14, between Cerantes Rd (Port Renfrew) and Trailhead Dr (1 mile west of Jordan River)', 13, 0, 48.5527362163018, -124.422353794752, 38.5833663, 48.432157888020242, -124.07014572688689, 1, 46, 8);
INSERT INTO SEG_Segments (ID, RouteID, NameID, Name, SortingOrder, PrimaryMP, PrimaryLatitude, PrimaryLongitude, SecondaryMP, SecondaryLatitude, SecondaryLongitude, RouteSegmentIndex, ParentAreaID, ParentSubAreaID) VALUES (46, 23, N'Hwy 3 - Elko to Fernie', N'Highway 3, between Junction Rd (19 miles east of Jaffray) and 4th St (near Fernie)', 5, 758.098, 49.2936467193417, -115.126378170104, 789.0622648, 49.503965234805655, -115.07015084759786, 30, 47, 12);
INSERT INTO SEG_Segments (ID, RouteID, NameID, Name, SortingOrder, PrimaryMP, PrimaryLatitude, PrimaryLongitude, SecondaryMP, SecondaryLatitude, SecondaryLongitude, RouteSegmentIndex, ParentAreaID, ParentSubAreaID) VALUES (47, 23, N'Hwy 3 - Cranbrook to Wardner', N'Highway 3, between 7th Ave S (near Cranbrook) and White Cloud Pit Rd (9 miles west of Jaffray)', 3, 693.2771868, 49.512691065899858, -115.76992825986162, 730.4887182, 49.421820685777469, -115.40223122880853, 28, 47, 12);
INSERT INTO SEG_Segments (ID, RouteID, NameID, Name, SortingOrder, PrimaryMP, PrimaryLatitude, PrimaryLongitude, SecondaryMP, SecondaryLatitude, SecondaryLongitude, RouteSegmentIndex, ParentAreaID, ParentSubAreaID) VALUES (48, 23, N'Hwy 3 - Wardner to Elko', N'Highway 3, between Bull Rd (9 miles west of Jaffray) and Highway 93 (19 miles east of Jaffray)', 4, 730.4887182, 49.421820685777469, -115.40223122880853, 758.098, 49.2936467193417, -115.126378170104, 29, 47, 12);
INSERT INTO SEG_Segments (ID, RouteID, NameID, Name, SortingOrder, PrimaryMP, PrimaryLatitude, PrimaryLongitude, SecondaryMP, SecondaryLatitude, SecondaryLongitude, RouteSegmentIndex, ParentAreaID, ParentSubAreaID) VALUES (49, 1, N'Hwy 1 - Des Frosse Rd to Monte Creek Junction', N'Highway 1, between Highway 97 (6 miles east of Kamloops) and Coubeaux Rd (15 miles east of Chase)', 1, 648.6053371, 50.649553934114671, -119.95618220907748, 693.7732704, 50.888997120390549, -119.51032693717653, 37, 41, 19);
INSERT INTO SEG_Segments (ID, RouteID, NameID, Name, SortingOrder, PrimaryMP, PrimaryLatitude, PrimaryLongitude, SecondaryMP, SecondaryLatitude, SecondaryLongitude, RouteSegmentIndex, ParentAreaID, ParentSubAreaID) VALUES (50, 1, N'Hwy 1 - Bernie Rd to Des Frosse Rd', N'Highway 1, between Waverly Park Frtg (15 miles east of Chase) and Bernie Rd (8 miles west of Sicamous)', 2, 693.7732704, 50.888997120390549, -119.51032693717653, 750.6794405, 50.7889755408375, -119.08807347354723, 38, 41, 19);
INSERT INTO SEG_Segments (ID, RouteID, NameID, Name, SortingOrder, PrimaryMP, PrimaryLatitude, PrimaryLongitude, SecondaryMP, SecondaryLatitude, SecondaryLongitude, RouteSegmentIndex, ParentAreaID, ParentSubAreaID) VALUES (51, 1, N'Hwy 1 - Brunette Ave to Port Mann Bridge', N'Highway 1, between Exit 38: North Rd and United Blvd (near Coquitlam)', 3, 215.443478, 49.234596046602562, -122.87905394857675, 219.8194814, 49.22696714701, -122.82028518039, 20, 50, 5);
INSERT INTO SEG_Segments (ID, RouteID, NameID, Name, SortingOrder, PrimaryMP, PrimaryLatitude, PrimaryLongitude, SecondaryMP, SecondaryLatitude, SecondaryLongitude, RouteSegmentIndex, ParentAreaID, ParentSubAreaID) VALUES (52, 1, N'Hwy 1 - Port Mann Bridge', N'Highway 1, between Highway 7B (near Coquitlam) and Highway 17 (near Surrey)', 4, 219.8194814, 49.22696714701, -122.82028518039, 221.444308, 49.214233309763635, -122.81104668349092, 21, 50, 5);
INSERT INTO SEG_Segments (ID, RouteID, NameID, Name, SortingOrder, PrimaryMP, PrimaryLatitude, PrimaryLongitude, SecondaryMP, SecondaryLatitude, SecondaryLongitude, RouteSegmentIndex, ParentAreaID, ParentSubAreaID) VALUES (53, 1, N'Hwy 1 - 200th St to 264th St', N'Highway 1, between Exit 55: 192 St and Exit 73: Highway 13 (near Langley - District)', 6, 233.5562118, 49.164132105402, -122.66908228267333, 248.2197486, 49.101391912160089, -122.4929887189374, 23, 50, 5);
INSERT INTO SEG_Segments (ID, RouteID, NameID, Name, SortingOrder, PrimaryMP, PrimaryLatitude, PrimaryLongitude, SecondaryMP, SecondaryLatitude, SecondaryLongitude, RouteSegmentIndex, ParentAreaID, ParentSubAreaID) VALUES (54, 1, N'Hwy 1 - Port Mann Bridge to 200th St in Langley', N'Highway 1, between Port Mann Bridge (near Surrey) and Exit 58: 200 St (near Langley - District)', 5, 221.444308, 49.214233309763635, -122.81104668349092, 233.5562118, 49.164132105402, -122.66908228267333, 22, 50, 5);
INSERT INTO SEG_Segments (ID, RouteID, NameID, Name, SortingOrder, PrimaryMP, PrimaryLatitude, PrimaryLongitude, SecondaryMP, SecondaryLatitude, SecondaryLongitude, RouteSegmentIndex, ParentAreaID, ParentSubAreaID) VALUES (55, 44, N'Hwy 91 - Delta Junction with Hwy 99 in Delta to Alex Fraser Bridge', N'Highway 91, between the start of Highway 91 (Richmond) and Exit 9: Cliveden Ave (near Delta)', 19, 0, 49.1770550960334, -123.09707900296547, 11.7522032, 49.170946051991962, -122.95153157003314, 1, 50, 5);
INSERT INTO SEG_Segments (ID, RouteID, NameID, Name, SortingOrder, PrimaryMP, PrimaryLatitude, PrimaryLongitude, SecondaryMP, SecondaryLatitude, SecondaryLongitude, RouteSegmentIndex, ParentAreaID, ParentSubAreaID) VALUES (56, 44, N'Hwy 91 - Alex Fraser Bridge', N'Highway 91, between Exit 11: Highway 91A and Exit 8: Nordel Way (near Delta)', 18, 11.7522032, 49.170946051991962, -122.95153157003314, 14.8408226, 49.145380104319926, -122.93695396827418, 2, 50, 5);
INSERT INTO SEG_Segments (ID, RouteID, NameID, Name, SortingOrder, PrimaryMP, PrimaryLatitude, PrimaryLongitude, SecondaryMP, SecondaryLatitude, SecondaryLongitude, RouteSegmentIndex, ParentAreaID, ParentSubAreaID) VALUES (61, 1, N'Hwy 1 - Kamloops to 10 km East of Cache Creek', N'Highway 1, between Back Valley Rd (8 miles east of Cache Creek) and Comazzetto Rd (near Kamloops)', 1, 549.4064145, 50.785548644386672, -121.18800418772068, 623.8327993, 50.674113738248273, -120.29404425239743, 35, 42, 22);
INSERT INTO SEG_Segments (ID, RouteID, NameID, Name, SortingOrder, PrimaryMP, PrimaryLatitude, PrimaryLongitude, SecondaryMP, SecondaryLatitude, SecondaryLongitude, RouteSegmentIndex, ParentAreaID, ParentSubAreaID) VALUES (62, 19, N'Hwy 24 - 13 km East of Bridge Lake to Lone Bute', N'Highway 24, between Lone Butte Horse Lake Rd (near Lone Butte) and Eagle Island Rd (34 miles west of Little Fort)', 4, 11.0531933, 51.554359343302139, -121.19383928430071, 61.074927, 51.482447173969433, -120.56231182712386, 2, 48, 24);
INSERT INTO SEG_Segments (ID, RouteID, NameID, Name, SortingOrder, PrimaryMP, PrimaryLatitude, PrimaryLongitude, SecondaryMP, SecondaryLatitude, SecondaryLongitude, RouteSegmentIndex, ParentAreaID, ParentSubAreaID) VALUES (63, 19, N'Hwy 24 - Lone Bute to Junction with Hwy 97', N'Highway 24, between Highway 97 (8 miles west of Lone Butte) and Watch Lake Rd (near Lone Butte)', 3, 0, 51.57695583, -121.3336052, 11.0531933, 51.554359343302139, -121.19383928430071, 1, 48, 24);
INSERT INTO SEG_Segments (ID, RouteID, NameID, Name, SortingOrder, PrimaryMP, PrimaryLatitude, PrimaryLongitude, SecondaryMP, SecondaryLatitude, SecondaryLongitude, RouteSegmentIndex, ParentAreaID, ParentSubAreaID) VALUES (68, 20, N'Hwy 26 - Cottonwood to Junction Hwy 97 Quesnel', N'Highway 26, between Highway 97 and Norton Creek Rd (25 miles east of Quesnel)', 2, 0, 53.015468934581, -122.495051093779, 25.0019848, 53.054329953308169, -122.16419932560396, 1, 48, 26);
INSERT INTO SEG_Segments (ID, RouteID, NameID, Name, SortingOrder, PrimaryMP, PrimaryLatitude, PrimaryLongitude, SecondaryMP, SecondaryLatitude, SecondaryLongitude, RouteSegmentIndex, ParentAreaID, ParentSubAreaID) VALUES (69, 52, N'Hwy 19 - Hamm Rd to Roberts Lake', N'Highway 19, between Sayward Rd (51 miles north of Campbell River) and Hamm Rd (12 miles south of Campbell River)', 2, 169.8619302, 50.311781784840328, -125.91893106108887, 259.8576, 49.830079551721319, -125.19023456810062, 4, 46, 10);
INSERT INTO SEG_Segments (ID, RouteID, NameID, Name, SortingOrder, PrimaryMP, PrimaryLatitude, PrimaryLongitude, SecondaryMP, SecondaryLatitude, SecondaryLongitude, RouteSegmentIndex, ParentAreaID, ParentSubAreaID) VALUES (70, 52, N'Hwy 19 - Cook Creek Rd to Hamm Rd', N'Highway 19, between Hamm Rd (12 miles south of Campbell River) and Cook Creek Rd (28 miles south of Cumberland)', 1, 259.8576, 49.830079551721319, -125.19023456810062, 316.566, 49.434063698297116, -124.74657579768774, 5, 46, 10);
INSERT INTO SEG_Segments (ID, RouteID, NameID, Name, SortingOrder, PrimaryMP, PrimaryLatitude, PrimaryLongitude, SecondaryMP, SecondaryLatitude, SecondaryLongitude, RouteSegmentIndex, ParentAreaID, ParentSubAreaID) VALUES (71, 53, N'Hwy 19A - Cook Creek Rd to Oyster River Bridge', N'Highway 19A, between Jamieson Rd (12 miles south of Buckley Bay Ferry Terminal) and Glenmore Rd (11 miles south of Campbell River)', 6, 54.76, 49.447315219230774, -124.75597125, 113.2840205, 49.869759592099491, -125.13034913917734, 3, 46, 10);
INSERT INTO SEG_Segments (ID, RouteID, NameID, Name, SortingOrder, PrimaryMP, PrimaryLatitude, PrimaryLongitude, SecondaryMP, SecondaryLatitude, SecondaryLongitude, RouteSegmentIndex, ParentAreaID, ParentSubAreaID) VALUES (73, 32, N'Hwy 4 - Sutton Pass Summit to Port Alberni', N'Highway 4, between Toquart Bay Rd (2 miles west of Sutton Pass Summit) and Beaver Creek Rd (near Port Alberni)', 7, 79.1727874, 49.285624240669151, -125.34774914156692, 122.6052046, 49.259621339436833, -124.81689367635482, 3, 46, 9);
INSERT INTO SEG_Segments (ID, RouteID, NameID, Name, SortingOrder, PrimaryMP, PrimaryLatitude, PrimaryLongitude, SecondaryMP, SecondaryLatitude, SecondaryLongitude, RouteSegmentIndex, ParentAreaID, ParentSubAreaID) VALUES (75, 1, N'Hwy 1 - Tolmie Ave to McKenzie Ave', N'Highway 1 (on Vancouver Island), between Tolmie Lane and Exit 8: Helmcken Rd (near Saanich)', 1, 4.5004064, 48.447839844465932, -123.37236626084966, 7.5090301, 48.459786108608895, -123.40490578092994, 1, 46, 8);
INSERT INTO SEG_Segments (ID, RouteID, NameID, Name, SortingOrder, PrimaryMP, PrimaryLatitude, PrimaryLongitude, SecondaryMP, SecondaryLatitude, SecondaryLongitude, RouteSegmentIndex, ParentAreaID, ParentSubAreaID) VALUES (76, 1, N'Hwy 1 - McKenzie Ave to Helmcken Rd', N'Highway 1 (on Vancouver Island), between Exit 6: Admirals Rd (near Saanich) and Exit 8: Helmcken Rd (near View Royal)', 2, 7.5090301, 48.459786108608895, -123.40490578092994, 9.3810964, 48.4640442989187, -123.428342627359, 2, 46, 8);
INSERT INTO SEG_Segments (ID, RouteID, NameID, Name, SortingOrder, PrimaryMP, PrimaryLatitude, PrimaryLongitude, SecondaryMP, SecondaryLatitude, SecondaryLongitude, RouteSegmentIndex, ParentAreaID, ParentSubAreaID) VALUES (77, 1, N'Hwy 1 - Helmcken Rd to Hwy 1A', N'Highway 1 (on Vancouver Island), between Exit 6: Admirals Rd and Exit 10: Burnside Rd W (near View Royal)', 3, 9.3810964, 48.4640442989187, -123.428342627359, 11.2501051, 48.46168223581661, -123.4532609184071, 3, 46, 8);
INSERT INTO SEG_Segments (ID, RouteID, NameID, Name, SortingOrder, PrimaryMP, PrimaryLatitude, PrimaryLongitude, SecondaryMP, SecondaryLatitude, SecondaryLongitude, RouteSegmentIndex, ParentAreaID, ParentSubAreaID) VALUES (78, 1, N'Hwy 1 - Hwy 1A to Millstream Rd', N'Highway 1 (on Vancouver Island), between Old Island Hwy (near View Royal) and Exit 14: Highway 14 (near Langford)', 4, 11.2501051, 48.46168223581661, -123.4532609184071, 14.9277474, 48.457033978857588, -123.49668947919251, 4, 46, 8);
INSERT INTO SEG_Segments (ID, RouteID, NameID, Name, SortingOrder, PrimaryMP, PrimaryLatitude, PrimaryLongitude, SecondaryMP, SecondaryLatitude, SecondaryLongitude, RouteSegmentIndex, ParentAreaID, ParentSubAreaID) VALUES (79, 1, N'Hwy 1 - Millstream Rd to Finlayson Arm Rd', N'Highway 1 (on Vancouver Island), between Exit 11: Six Mile Rd and Finlayson Arm Rd (near Langford)', 5, 14.9277474, 48.457033978857588, -123.49668947919251, 19.5075504, 48.463186141916978, -123.55144657824208, 5, 46, 8);
INSERT INTO SEG_Segments (ID, RouteID, NameID, Name, SortingOrder, PrimaryMP, PrimaryLatitude, PrimaryLongitude, SecondaryMP, SecondaryLatitude, SecondaryLongitude, RouteSegmentIndex, ParentAreaID, ParentSubAreaID) VALUES (80, 1, N'Hwy 1 - Finlayson Arm Rd to Shawnigan Lake Rd', N'Highway 1 (on Vancouver Island), between West Shore Pky (near Langford) and Shawnigan Lake Rd (4 miles south of Malahat Summit)', 6, 19.5075504, 48.463186141916978, -123.55144657824208, 31.0892, 48.561293198004442, -123.56927109653148, 6, 46, 8);
INSERT INTO SEG_Segments (ID, RouteID, NameID, Name, SortingOrder, PrimaryMP, PrimaryLatitude, PrimaryLongitude, SecondaryMP, SecondaryLatitude, SecondaryLongitude, RouteSegmentIndex, ParentAreaID, ParentSubAreaID) VALUES (81, 1, N'Hwy 1 - Shawnigan Lake Rd to Split Rock Lookout, Malahat Summit', N'Highway 1 (on Vancouver Island), between Shawnigan Lake Rd (4 miles south of Malahat Summit) and Mill Bay Rd (1 mile north of Malahat Summit)', 7, 31.0892, 48.561293198004442, -123.56927109653148, 36.0981, 48.585262816000004, -123.530047485, 7, 46, 8);
INSERT INTO SEG_Segments (ID, RouteID, NameID, Name, SortingOrder, PrimaryMP, PrimaryLatitude, PrimaryLongitude, SecondaryMP, SecondaryLatitude, SecondaryLongitude, RouteSegmentIndex, ParentAreaID, ParentSubAreaID) VALUES (82, 1, N'Hwy 1 - Split Rock Lookout to Mill Bay Rd', N'Highway 1 (on Vancouver Island), between Whittaker Rd (1 mile north of Malahat Summit) and Shawnigan-Mill Bay Rd (near Mill Bay)', 8, 36.0981, 48.585262816000004, -123.530047485, 44.3840143, 48.6562090553711, -123.560645333023, 8, 46, 8);
INSERT INTO SEG_Segments (ID, RouteID, NameID, Name, SortingOrder, PrimaryMP, PrimaryLatitude, PrimaryLongitude, SecondaryMP, SecondaryLatitude, SecondaryLongitude, RouteSegmentIndex, ParentAreaID, ParentSubAreaID) VALUES (83, 1, N'Hwy 1 - Mill Bay Rd to Bench Rd', N'Highway 1 (on Vancouver Island), between Deloume Rd (near Mill Bay) and Bench Rd (3 miles north of Cobble Hill)', 9, 44.3840143, 48.6562090553711, -123.560645333023, 57.3105144, 48.743226587149394, -123.65959165509412, 9, 46, 8);
INSERT INTO SEG_Segments (ID, RouteID, NameID, Name, SortingOrder, PrimaryMP, PrimaryLatitude, PrimaryLongitude, SecondaryMP, SecondaryLatitude, SecondaryLongitude, RouteSegmentIndex, ParentAreaID, ParentSubAreaID) VALUES (84, 9, N'Hwy 14 - Gillespie Rd to Kangaroo Rd', N'Highway 14, between Gillespie Rd (near Sooke) and Kangaroo Rd (near Metchosin)', 17, 81.7327201, 48.393438107224249, -123.62849003350286, 84.3595025, 48.392835262296877, -123.5992050145625, 5, 46, 8);
INSERT INTO SEG_Segments (ID, RouteID, NameID, Name, SortingOrder, PrimaryMP, PrimaryLatitude, PrimaryLongitude, SecondaryMP, SecondaryLatitude, SecondaryLongitude, RouteSegmentIndex, ParentAreaID, ParentSubAreaID) VALUES (85, 9, N'Hwy 14 - Otter Point Rd to Gillespie Rd', N'Highway 14, between Murray Rd and Connie Rd (near Sooke)', 16, 72.8761171, 48.377338618477744, -123.7238085515735, 81.7327201, 48.393438107224249, -123.62849003350286, 4, 46, 8);
INSERT INTO SEG_Segments (ID, RouteID, NameID, Name, SortingOrder, PrimaryMP, PrimaryLatitude, PrimaryLongitude, SecondaryMP, SecondaryLatitude, SecondaryLongitude, RouteSegmentIndex, ParentAreaID, ParentSubAreaID) VALUES (86, 9, N'Hwy 14 - Kangaroo Rd to Happy Valley Rd', N'Highway 14, between Impala Rd (near Metchosin) and Glen Lake Rd (near Langford)', 18, 84.3595025, 48.392835262296877, -123.5992050145625, 92.9604513, 48.433587312570587, -123.52669063476176, 6, 46, 8);
INSERT INTO SEG_Segments (ID, RouteID, NameID, Name, SortingOrder, PrimaryMP, PrimaryLatitude, PrimaryLongitude, SecondaryMP, SecondaryLatitude, SecondaryLongitude, RouteSegmentIndex, ParentAreaID, ParentSubAreaID) VALUES (87, 9, N'Hwy 14 - Happy Valley Rd to Veterans Memorial Parkway', N'Highway 14, between Ronald Rd (near Langford) and Veterans Memorial Pky (near Colwood)', 19, 92.9604513, 48.433587312570587, -123.52669063476176, 94.9248163, 48.429564658931071, -123.50321499228274, 7, 46, 8);
INSERT INTO SEG_Segments (ID, RouteID, NameID, Name, SortingOrder, PrimaryMP, PrimaryLatitude, PrimaryLongitude, SecondaryMP, SecondaryLatitude, SecondaryLongitude, RouteSegmentIndex, ParentAreaID, ParentSubAreaID) VALUES (88, 9, N'Hwy 14 - Veterans Memorial Parkway to Hwy 1', N'Highway 14, between Fulton Rd (near Colwood) and Highway 1 (Langford)', 20, 94.9248163, 48.429564658931071, -123.50321499228274, 98.247, 48.4567484, -123.4972282, 8, 46, 8);
INSERT INTO SEG_Segments (ID, RouteID, NameID, Name, SortingOrder, PrimaryMP, PrimaryLatitude, PrimaryLongitude, SecondaryMP, SecondaryLatitude, SecondaryLongitude, RouteSegmentIndex, ParentAreaID, ParentSubAreaID) VALUES (89, 13, N'Hwy 18 - Skutz Falls Rd to Paldi Rd', N'Highway 18, between Skutz Falls Rd and Westwood Rd (6 to 15 miles east of Lake Cowichan)', 29, 8.0236671, 48.807272225159494, -123.95833277452701, 16.5675925, 48.7969222522601, -123.84541200193085, 2, 46, 8);
INSERT INTO SEG_Segments (ID, RouteID, NameID, Name, SortingOrder, PrimaryMP, PrimaryLatitude, PrimaryLongitude, SecondaryMP, SecondaryLatitude, SecondaryLongitude, RouteSegmentIndex, ParentAreaID, ParentSubAreaID) VALUES (90, 13, N'Hwy 18 - Youbou Rd to Skutz Falls Rd', N'Highway 18, between North Shore Rd E and Paldi Rd (6 miles east of Lake Cowichan)', 28, 0, 48.8263430748837, -124.052092214717, 8.0236671, 48.807272225159494, -123.95833277452701, 1, 46, 8);
INSERT INTO SEG_Segments (ID, RouteID, NameID, Name, SortingOrder, PrimaryMP, PrimaryLatitude, PrimaryLongitude, SecondaryMP, SecondaryLatitude, SecondaryLongitude, RouteSegmentIndex, ParentAreaID, ParentSubAreaID) VALUES (91, 14, N'Hwy 2 - BC/AB Border to Junction Hwy 97 Dawson Creek', N'Highway 2, between the start of Highway 2 (British Columbia and Alberta Border) and Highway 97 (Dawson Creek)', 1, 0, 55.48087218, -120.0014107, 41.5469, 55.766724076326085, -120.25360174543479, 1, 51, 28);
INSERT INTO SEG_Segments (ID, RouteID, NameID, Name, SortingOrder, PrimaryMP, PrimaryLatitude, PrimaryLongitude, SecondaryMP, SecondaryLatitude, SecondaryLongitude, RouteSegmentIndex, ParentAreaID, ParentSubAreaID) VALUES (93, 1, N'Hwy 1 - Golden to West Boundary of Yoho National Park', N'Highway 1, between Highway 95 (near Golden) and West Boundary of Yoho National Park (near West Boundary of Yoho National Park)', 10, 980.1842996, 51.300820789412455, -116.96319810766818, 1004.8878432, 51.239147274176, -116.65265447408001, 49, 47, 13);
INSERT INTO SEG_Segments (ID, RouteID, NameID, Name, SortingOrder, PrimaryMP, PrimaryLatitude, PrimaryLongitude, SecondaryMP, SecondaryLatitude, SecondaryLongitude, RouteSegmentIndex, ParentAreaID, ParentSubAreaID) VALUES (100, 86, N'Atlin Hwy - Atlin to BC/Yukon Border', N'Atlin Hwy, between Discovery Ave (Atlin) and the end of Atlin Hwy (British Columbia and Yukon Border)', 1, 0, 59.575786692802836, -133.69876290382615, 50.813, 59.999611560031084, -133.794808608499, 1, 43, 37);
INSERT INTO SEG_Segments (ID, RouteID, NameID, Name, SortingOrder, PrimaryMP, PrimaryLatitude, PrimaryLongitude, SecondaryMP, SecondaryLatitude, SecondaryLongitude, RouteSegmentIndex, ParentAreaID, ParentSubAreaID) VALUES (101, 52, N'Hwy 19 - Beaver Cove Road to Port Hardy', N'Highway 19, between Port Hardy Ferry (Port Hardy) and Reload Railway S Overpass (15 miles south of Port McNeill)', 5, 0, 50.725562525147964, -127.45680312108017, 49.1883266, 50.551520285310708, -126.97829623060693, 1, 46, 10);
INSERT INTO SEG_Segments (ID, RouteID, NameID, Name, SortingOrder, PrimaryMP, PrimaryLatitude, PrimaryLongitude, SecondaryMP, SecondaryLatitude, SecondaryLongitude, RouteSegmentIndex, ParentAreaID, ParentSubAreaID) VALUES (102, 52, N'Hwy 19 - Roberts Lake to Eve River', N'Highway 19, between Hoomac Lake Restarea (35 miles south of Woss) and Rainbow Rd (51 miles north of Campbell River)', 3, 139.8964, 50.308802463650792, -126.25656144761905, 169.8619302, 50.311781784840328, -125.91893106108887, 3, 46, 10);
INSERT INTO SEG_Segments (ID, RouteID, NameID, Name, SortingOrder, PrimaryMP, PrimaryLatitude, PrimaryLongitude, SecondaryMP, SecondaryLatitude, SecondaryLongitude, RouteSegmentIndex, ParentAreaID, ParentSubAreaID) VALUES (103, 52, N'Hwy 19 - Eve River to Beaver Cove Road', N'Highway 19, between Beaver Cove Rd (15 miles south of Port McNeill) and Eve River Restarea (35 miles south of Woss)', 4, 49.1883266, 50.551520285310708, -126.97829623060693, 139.8964, 50.308802463650792, -126.25656144761905, 2, 46, 10);
INSERT INTO SEG_Segments (ID, RouteID, NameID, Name, SortingOrder, PrimaryMP, PrimaryLatitude, PrimaryLongitude, SecondaryMP, SecondaryLatitude, SecondaryLongitude, RouteSegmentIndex, ParentAreaID, ParentSubAreaID) VALUES (105, 22, N'Hwy 28 - Buttle Narrows to Gold River', N'Highway 28, between the start of Highway 28 (Gold River) and Western Mine Rd (37 miles west of Campbell River)', 9, 0, 49.67907619, -126.1172717, 53.3675173, 49.8417273959679, -125.621309303506, 1, 46, 10);
INSERT INTO SEG_Segments (ID, RouteID, NameID, Name, SortingOrder, PrimaryMP, PrimaryLatitude, PrimaryLongitude, SecondaryMP, SecondaryLatitude, SecondaryLongitude, RouteSegmentIndex, ParentAreaID, ParentSubAreaID) VALUES (106, 32, N'Hwy 4 - Ucluelet to Sutton Pass Summit', N'Highway 4, between Wick Rd (1 mile east of Southern Boundary of Pacific Rim National Park) and Taylor River Restarea (2 miles west of Sutton Pass Summit)', 6, 32.2764055, 48.992008461273933, -125.58813579706697, 79.1727874, 49.285624240669151, -125.34774914156692, 2, 46, 9);
INSERT INTO SEG_Segments (ID, RouteID, NameID, Name, SortingOrder, PrimaryMP, PrimaryLatitude, PrimaryLongitude, SecondaryMP, SecondaryLatitude, SecondaryLongitude, RouteSegmentIndex, ParentAreaID, ParentSubAreaID) VALUES (107, 32, N'Hwy 4 - Tofino to Ucluelet', N'Highway 4, between Fourth St (Tofino) and Tofino-Ucluelet Hwy (1 mile east of Southern Boundary of Pacific Rim National Park)', 5, 0, 49.15241589, -125.9026534, 32.2764055, 48.992008461273933, -125.58813579706697, 1, 46, 9);
INSERT INTO SEG_Segments (ID, RouteID, NameID, Name, SortingOrder, PrimaryMP, PrimaryLatitude, PrimaryLongitude, SecondaryMP, SecondaryLatitude, SecondaryLongitude, RouteSegmentIndex, ParentAreaID, ParentSubAreaID) VALUES (109, 23, N'Hwy 3 - Moyie to Cranbrook', N'Highway 3, between Sunrise Rd (near Moyie) and 9th Ave S (near Cranbrook)', 2, 661.4816912, 49.28513689955691, -115.83180954044799, 693.2771868, 49.512691065899858, -115.76992825986162, 27, 47, 12);
INSERT INTO SEG_Segments (ID, RouteID, NameID, Name, SortingOrder, PrimaryMP, PrimaryLatitude, PrimaryLongitude, SecondaryMP, SecondaryLatitude, SecondaryLongitude, RouteSegmentIndex, ParentAreaID, ParentSubAreaID) VALUES (110, 11, N'Hwy 16 - Crescent Spur to West Twin', N'Highway 16, between Road 081 FSR and Lamco Rd (28 to 49 miles west of McBride)', 5, 1184.237, 53.540402224137928, -120.71943640344829, 1204.924, 53.43912759953075, -120.51487840415, 26, 45, 32);
INSERT INTO SEG_Segments (ID, RouteID, NameID, Name, SortingOrder, PrimaryMP, PrimaryLatitude, PrimaryLongitude, SecondaryMP, SecondaryLatitude, SecondaryLongitude, RouteSegmentIndex, ParentAreaID, ParentSubAreaID) VALUES (111, 11, N'Hwy 16 - West Twin to McBride', N'Highway 16, between West Twin Creek Bridge (28 miles west of McBride) and Main St (McBride)', 6, 1204.924, 53.43912759953075, -120.51487840415, 1234.44824, 53.303962473546044, -120.16054433207039, 27, 45, 32);
INSERT INTO SEG_Segments (ID, RouteID, NameID, Name, SortingOrder, PrimaryMP, PrimaryLatitude, PrimaryLongitude, SecondaryMP, SecondaryLatitude, SecondaryLongitude, RouteSegmentIndex, ParentAreaID, ParentSubAreaID) VALUES (114, 1, N'Hwy 1 - Hwy 99 Junction at Horseshoe Bay to Taylor Way', N'Highway 1, between Horseshoe Bay Ferry Terminal and Exit 13: Highway 99 (West Vancouver)', 1, 174.883, 49.3759891, -123.2715892, 187.704, 49.33803167, -123.1401344, 16, 50, 3);
INSERT INTO SEG_Segments (ID, RouteID, NameID, Name, SortingOrder, PrimaryMP, PrimaryLatitude, PrimaryLongitude, SecondaryMP, SecondaryLatitude, SecondaryLongitude, RouteSegmentIndex, ParentAreaID, ParentSubAreaID) VALUES (118, 87, N'Blackwater Rd - North Fraser Rd (Quesnel) to TFL Forest Service Rd', N'Blackwater Rd, between North Fraser Rd and TFL Road FSR (45 to 134 miles south of Prince George)', 10, 0, 52.99756060566321, -122.52301071336102, 88.952, 53.458062656156059, -123.02942030735953, 1, 48, 26);
INSERT INTO SEG_Segments (ID, RouteID, NameID, Name, SortingOrder, PrimaryMP, PrimaryLatitude, PrimaryLongitude, SecondaryMP, SecondaryLatitude, SecondaryLongitude, RouteSegmentIndex, ParentAreaID, ParentSubAreaID) VALUES (121, 119, N'Cecil Lake Rd (Hwy 103) - Road 101 to Cecil Lake', N'Cecil Lake Rd (Highway 103), between Rose Prairie Rd (22 miles west of Cecil Lake) and 243 Rd (1 mile east of Cecil Lake)', 7, 0, 56.289915326960063, -120.84758208879646, 22.144, 56.304696429704912, -120.55762506936868, 1, 51, 29);
INSERT INTO SEG_Segments (ID, RouteID, NameID, Name, SortingOrder, PrimaryMP, PrimaryLatitude, PrimaryLongitude, SecondaryMP, SecondaryLatitude, SecondaryLongitude, RouteSegmentIndex, ParentAreaID, ParentSubAreaID) VALUES (122, 119, N'Cecil Lake Rd (Hwy 103) - Cecil Lake to Alberta Border', N'Cecil Lake Rd (Highway 103), between 243 Rd (1 mile east of Cecil Lake) and the end of Cecil Lake Rd (Highway 103) (British Columbia and Alberta Border)', 8, 22.144, 56.304696429704912, -120.55762506936868, 61.206, 56.316946826894643, -120.00144909849358, 2, 51, 29);
INSERT INTO SEG_Segments (ID, RouteID, NameID, Name, SortingOrder, PrimaryMP, PrimaryLatitude, PrimaryLongitude, SecondaryMP, SecondaryLatitude, SecondaryLongitude, RouteSegmentIndex, ParentAreaID, ParentSubAreaID) VALUES (124, 91, N'Dog Creek Road', N'Dog Creek Rd, between Gang Ranch Rd (89 miles south of Williams Lake) and Highway 20 (near Williams Lake)', 11, 0, 51.5268493000461, -122.27875602959, 90.256, 52.112213239234151, -122.15045896905147, 1, 48, 25);
INSERT INTO SEG_Segments (ID, RouteID, NameID, Name, SortingOrder, PrimaryMP, PrimaryLatitude, PrimaryLongitude, SecondaryMP, SecondaryLatitude, SecondaryLongitude, RouteSegmentIndex, ParentAreaID, ParentSubAreaID) VALUES (125, 93, N'Head Bay Road - Gold River to Tahsis', N'Head Bay Rd, between Gold River Rd (60 miles east of Tahsis) and Harbour View Rd (Tahsis)', 11, 0, 49.79991108216624, -126.06987355349888, 61.9679, 49.923691868978139, -126.65144108005248, 1, 46, 10);
INSERT INTO SEG_Segments (ID, RouteID, NameID, Name, SortingOrder, PrimaryMP, PrimaryLatitude, PrimaryLongitude, SecondaryMP, SecondaryLatitude, SecondaryLongitude, RouteSegmentIndex, ParentAreaID, ParentSubAreaID) VALUES (128, 3, N'Hwy 101 - Sechelt to Langdale', N'Highway 101, between Ocean Ave (Sechelt) and Port Mellon Hwy (4 miles east of Gibsons)', 5, 133.976, 49.47070803, -123.7621416, 160.993, 49.4343358, -123.479089, 5, 50, 4);
INSERT INTO SEG_Segments (ID, RouteID, NameID, Name, SortingOrder, PrimaryMP, PrimaryLatitude, PrimaryLongitude, SecondaryMP, SecondaryLatitude, SecondaryLongitude, RouteSegmentIndex, ParentAreaID, ParentSubAreaID) VALUES (129, 3, N'Hwy 101 - Earl''s Cove to Sechelt', N'Highway 101, between Saltery Bay (46 miles west of Sechelt) and Ocean Ave (Sechelt)', 4, 80.701, 49.75298913, -124.0089957, 133.976, 49.47070803, -123.7621416, 4, 50, 4);
INSERT INTO SEG_Segments (ID, RouteID, NameID, Name, SortingOrder, PrimaryMP, PrimaryLatitude, PrimaryLongitude, SecondaryMP, SecondaryLatitude, SecondaryLongitude, RouteSegmentIndex, ParentAreaID, ParentSubAreaID) VALUES (130, 6, N'Hwy 118 - Topley to Granisle', N'Highway 118, between Highway 16; Highway 16 Topley (Topley) and Babine Lake Access; Babine Lake (Granisle)', 6, 0, 54.50707919, -126.301051, 48.9, 54.887351393407307, -126.20658960334731, 1, 43, 35);
INSERT INTO SEG_Segments (ID, RouteID, NameID, Name, SortingOrder, PrimaryMP, PrimaryLatitude, PrimaryLongitude, SecondaryMP, SecondaryLatitude, SecondaryLongitude, RouteSegmentIndex, ParentAreaID, ParentSubAreaID) VALUES (131, 8, N'Hwy 13 - Junction Hwy 1 to US Border', N'Highway 13, between the start of Highway 13 (British Columbia and Washington Border, South of Osoyoos) and Highway 1 (Langley - District)', 12, 0, 49.0023175107123, -122.485280959227, 11.157, 49.1013221984617, -122.49280609909131, 1, 50, 5);
INSERT INTO SEG_Segments (ID, RouteID, NameID, Name, SortingOrder, PrimaryMP, PrimaryLatitude, PrimaryLongitude, SecondaryMP, SecondaryLatitude, SecondaryLongitude, RouteSegmentIndex, ParentAreaID, ParentSubAreaID) VALUES (133, 10, N'Hwy 15 - BC/Washington Border to Hwy 1 in Surrey', N'Highway 15, between the start of Highway 15 (British Columbia and Washington Border South of Douglas) and Highway 1 (Surrey)', 13, 0, 49.0021463, -122.7352885, 20.081, 49.1813595052734, -122.734783883758, 1, 50, 5);
INSERT INTO SEG_Segments (ID, RouteID, NameID, Name, SortingOrder, PrimaryMP, PrimaryLatitude, PrimaryLongitude, SecondaryMP, SecondaryLatitude, SecondaryLongitude, RouteSegmentIndex, ParentAreaID, ParentSubAreaID) VALUES (134, 11, N'Hwy 16 - BC Ferries Terminal (Prince Rupert) to Prince Rupert', N'Highway 16, between Prince Rupert Ferry Terminal and 3rd Ave E (near Prince Rupert)', 3, 302.211, 54.29768219, -130.3539183, 306.1762173, 54.31507489369281, -130.32099882162959, 3, 49, 40);
INSERT INTO SEG_Segments (ID, RouteID, NameID, Name, SortingOrder, PrimaryMP, PrimaryLatitude, PrimaryLongitude, SecondaryMP, SecondaryLatitude, SecondaryLongitude, RouteSegmentIndex, ParentAreaID, ParentSubAreaID) VALUES (137, 13, N'Hwy 18 - Tansor Rd to Junction with Hwy 1 (North Cowichan)', N'Highway 18, between Tansor Rd and Highway 1 (21 to 25 miles east of Lake Cowichan)', 31, 22.6311753, 48.798855169398344, -123.76514274760137, 26.933, 48.8167094, -123.7180196, 4, 46, 8);
INSERT INTO SEG_Segments (ID, RouteID, NameID, Name, SortingOrder, PrimaryMP, PrimaryLatitude, PrimaryLongitude, SecondaryMP, SecondaryLatitude, SecondaryLongitude, RouteSegmentIndex, ParentAreaID, ParentSubAreaID) VALUES (138, 52, N'Hwy 19 - Duke Point to Nanaimo (Hwy 1)', N'Highway 19, between Highway 1 (Nanaimo) and the end of Highway 19 (Duke Point BC Ferries Terminal)', 10, 393.879, 49.113005100208, -123.904959500116, 402.007, 49.1558726, -123.8908805, 8, 46, 9);
INSERT INTO SEG_Segments (ID, RouteID, NameID, Name, SortingOrder, PrimaryMP, PrimaryLatitude, PrimaryLongitude, SecondaryMP, SecondaryLatitude, SecondaryLongitude, RouteSegmentIndex, ParentAreaID, ParentSubAreaID) VALUES (139, 53, N'Hwy 19A - Hammond Bay Rd to Departure Bay Ferry Terminal', N'Highway 19A, between Highway 1 (Departure Bay BC Ferries Terminal, in Nanaimo) and Highway 19 (near Parksville)', 14, 0, 49.18914164, -123.9515776, 10.857, 49.24266807, -124.0640257, 1, 46, 9);
INSERT INTO SEG_Segments (ID, RouteID, NameID, Name, SortingOrder, PrimaryMP, PrimaryLatitude, PrimaryLongitude, SecondaryMP, SecondaryLatitude, SecondaryLongitude, RouteSegmentIndex, ParentAreaID, ParentSubAreaID) VALUES (140, 53, N'Hwy 19A - Oyster River Bridge to Campbell River', N'Highway 19A, between Catherwood Rd (11 miles south of Campbell River) and Highway 28 (Campbell River)', 7, 113.2840205, 49.869759592099491, -125.13034913917734, 136.999, 50.03343353, -125.2750325, 4, 46, 10);
INSERT INTO SEG_Segments (ID, RouteID, NameID, Name, SortingOrder, PrimaryMP, PrimaryLatitude, PrimaryLongitude, SecondaryMP, SecondaryLatitude, SecondaryLongitude, RouteSegmentIndex, ParentAreaID, ParentSubAreaID) VALUES (141, 54, N'Hwy 1A - Hwy 1 to Grofton Rd', N'Highway 1A, between Highway 1 (near Langford) and Davis Rd (Ladysmith)', 4, 15.418, 48.8747884050822, -123.706910829619, 32.834, 48.9776223970679, -123.802341499952, 1, 46, 9);
INSERT INTO SEG_Segments (ID, RouteID, NameID, Name, SortingOrder, PrimaryMP, PrimaryLatitude, PrimaryLongitude, SecondaryMP, SecondaryLatitude, SecondaryLongitude, RouteSegmentIndex, ParentAreaID, ParentSubAreaID) VALUES (143, 15, N'Hwy 20 - Riske Creek to Williams Lake', N'Highway 20, between Bald Mountain Road FSR (44 miles west of Williams Lake) and Highway 97 (Williams Lake)', 8, 407.3707384, 51.9689711308567, -122.53648009051948, 454.97, 52.127427909473, -122.127734356583, 8, 48, 25);
INSERT INTO SEG_Segments (ID, RouteID, NameID, Name, SortingOrder, PrimaryMP, PrimaryLatitude, PrimaryLongitude, SecondaryMP, SecondaryLatitude, SecondaryLongitude, RouteSegmentIndex, ParentAreaID, ParentSubAreaID) VALUES (144, 15, N'Hwy 20 - Bella Coola to Hagensborg', N'Highway 20, between N Bentinck FSR and Gross Rd (16 miles east of Bella Coola)', 1, 0, 52.37492449, -126.7967489, 19.5533842, 52.390609824434648, -126.541222177807, 1, 48, 25);
INSERT INTO SEG_Segments (ID, RouteID, NameID, Name, SortingOrder, PrimaryMP, PrimaryLatitude, PrimaryLongitude, SecondaryMP, SecondaryLatitude, SecondaryLongitude, RouteSegmentIndex, ParentAreaID, ParentSubAreaID) VALUES (145, 15, N'Hwy 20 - Hagensborg to 40km west of Anahim Lake', N'Highway 20, between Olsen Dr (16 miles east of Bella Coola) and Rainbow Range Trailhead (39 miles west of Anahim Lake)', 2, 19.5533842, 52.390609824434648, -126.541222177807, 97.2325148, 52.529656643295212, -125.81585250247861, 2, 48, 25);
INSERT INTO SEG_Segments (ID, RouteID, NameID, Name, SortingOrder, PrimaryMP, PrimaryLatitude, PrimaryLongitude, SecondaryMP, SecondaryLatitude, SecondaryLongitude, RouteSegmentIndex, ParentAreaID, ParentSubAreaID) VALUES (146, 15, N'Hwy 20 - Tatla Lake  to Puntzi Lake Rd', N'Highway 20, between Graham Lake Access No 2 Rd and Puntzi Lake Rd (48 miles east of Tatla Lake)', 5, 233.8874, 51.90528893035443, -124.59943871569621, 282.4354893, 52.120914392877722, -124.04029957748921, 5, 48, 25);
INSERT INTO SEG_Segments (ID, RouteID, NameID, Name, SortingOrder, PrimaryMP, PrimaryLatitude, PrimaryLongitude, SecondaryMP, SecondaryLatitude, SecondaryLongitude, RouteSegmentIndex, ParentAreaID, ParentSubAreaID) VALUES (147, 15, N'Hwy 20 - Alexis Creek to Riske Creek', N'Highway 20, between Graham St (near Alexis Creek) and Stack Valley Rd (44 miles west of Williams Lake)', 7, 343.1452198, 52.082826506499, -123.27622811155595, 407.3707384, 51.9689711308567, -122.53648009051948, 7, 48, 25);
INSERT INTO SEG_Segments (ID, RouteID, NameID, Name, SortingOrder, PrimaryMP, PrimaryLatitude, PrimaryLongitude, SecondaryMP, SecondaryLatitude, SecondaryLongitude, RouteSegmentIndex, ParentAreaID, ParentSubAreaID) VALUES (148, 15, N'Hwy 20 - Puntzi Lake Rd  to Alexis Creek', N'Highway 20, between Puntzi Airport Rd (48 miles east of Tatla Lake) and Stum Lake Rd (near Alexis Creek)', 6, 282.4354893, 52.120914392877722, -124.04029957748921, 343.1452198, 52.082826506499, -123.27622811155595, 6, 48, 25);
INSERT INTO SEG_Segments (ID, RouteID, NameID, Name, SortingOrder, PrimaryMP, PrimaryLatitude, PrimaryLongitude, SecondaryMP, SecondaryLatitude, SecondaryLongitude, RouteSegmentIndex, ParentAreaID, ParentSubAreaID) VALUES (149, 15, N'Hwy 20 - Anahim Lake  to Tatla Lake', N'Highway 20, between Anahim Lake Rd (near Anahim Lake) and Sawmill Creek Rd (Tatla Lake)', 4, 137.8870377, 52.4616534503876, -125.31763218672714, 233.8874, 51.90528893035443, -124.59943871569621, 4, 48, 25);
INSERT INTO SEG_Segments (ID, RouteID, NameID, Name, SortingOrder, PrimaryMP, PrimaryLatitude, PrimaryLongitude, SecondaryMP, SecondaryLatitude, SecondaryLongitude, RouteSegmentIndex, ParentAreaID, ParentSubAreaID) VALUES (150, 15, N'Hwy 20 - 40km west of Anahim Lake to Anahim Lake', N'Highway 20, between Hunlen Falls Turner Lakes Trailhead (39 miles west of Anahim Lake) and Kappan Mtn Rd (near Anahim Lake)', 3, 97.2325148, 52.529656643295212, -125.81585250247861, 137.8870377, 52.4616534503876, -125.31763218672714, 3, 48, 25);
INSERT INTO SEG_Segments (ID, RouteID, NameID, Name, SortingOrder, PrimaryMP, PrimaryLatitude, PrimaryLongitude, SecondaryMP, SecondaryLatitude, SecondaryLongitude, RouteSegmentIndex, ParentAreaID, ParentSubAreaID) VALUES (153, 20, N'Hwy 26 - Barkerville to Cottonwood', N'Highway 26, between Sorum Rd (25 miles east of Quesnel) and Barkerville Hwy (6 miles east of Wells)', 1, 25.0019848, 53.054329953308169, -122.16419932560396, 81.115, 53.06904901, -121.5147069, 2, 48, 26);
INSERT INTO SEG_Segments (ID, RouteID, NameID, Name, SortingOrder, PrimaryMP, PrimaryLatitude, PrimaryLongitude, SecondaryMP, SecondaryLatitude, SecondaryLongitude, RouteSegmentIndex, ParentAreaID, ParentSubAreaID) VALUES (154, 22, N'Hwy 28 - Campbell River to Buttle Narrows', N'Highway 28, between Gold River Hwy (37 miles west of Campbell River) and Highway 19A (Campbell River)', 8, 53.3675173, 49.8417273959679, -125.621309303506, 100.742, 50.03343353, -125.2750325, 2, 46, 10);
INSERT INTO SEG_Segments (ID, RouteID, NameID, Name, SortingOrder, PrimaryMP, PrimaryLatitude, PrimaryLongitude, SecondaryMP, SecondaryLatitude, SecondaryLongitude, RouteSegmentIndex, ParentAreaID, ParentSubAreaID) VALUES (156, 12, N'Hwy 17 - Tolmie Ave to McKenzie Ave', N'Highway 17, between Tolmie Ave (near Victoria) and McKenzie Ave (Saanich)', 21, 3.451, 48.4482636888748, -123.367870998701, 5.993, 48.4678318, -123.3813464, 1, 46, 8);
INSERT INTO SEG_Segments (ID, RouteID, NameID, Name, SortingOrder, PrimaryMP, PrimaryLatitude, PrimaryLongitude, SecondaryMP, SecondaryLatitude, SecondaryLongitude, RouteSegmentIndex, ParentAreaID, ParentSubAreaID) VALUES (157, 12, N'Hwy 17 - McKenzie Ave to Mt Newton Cross Rd', N'Highway 17, between McKenzie Ave (Saanich) and Exit 21: Mt Newton Cross Rd (Central Saanich)', 22, 5.993, 48.4678318, -123.3813464, 20.339, 48.59414772, -123.3981143, 2, 46, 8);
INSERT INTO SEG_Segments (ID, RouteID, NameID, Name, SortingOrder, PrimaryMP, PrimaryLatitude, PrimaryLongitude, SecondaryMP, SecondaryLatitude, SecondaryLongitude, RouteSegmentIndex, ParentAreaID, ParentSubAreaID) VALUES (158, 12, N'Hwy 17 - BC Ferries Terminal in Tsawwassen to Hwy 99 in Delta', N'Highway 17, between Tsawwassen Ferry Terminal and Exit 13 (Delta)', 14, 78.03, 49.007903178203, -123.13188217464, 91.982, 49.09539447, -123.0265514, 5, 50, 5);
INSERT INTO SEG_Segments (ID, RouteID, NameID, Name, SortingOrder, PrimaryMP, PrimaryLatitude, PrimaryLongitude, SecondaryMP, SecondaryLatitude, SecondaryLongitude, RouteSegmentIndex, ParentAreaID, ParentSubAreaID) VALUES (159, 12, N'Hwy 17 - Junction Hwy 99 Delta to Junction Hwy 1  Surrey', N'Highway 17, between Exit 13 (Delta) and the end of Highway 17 (Surrey)', 15, 91.982, 49.09539447, -123.0265514, 122.994, 49.1817714515012, -122.734945794844, 6, 50, 5);
INSERT INTO SEG_Segments (ID, RouteID, NameID, Name, SortingOrder, PrimaryMP, PrimaryLatitude, PrimaryLongitude, SecondaryMP, SecondaryLatitude, SecondaryLongitude, RouteSegmentIndex, ParentAreaID, ParentSubAreaID) VALUES (160, 51, N'Hwy 17A - Junction Hwy 17 to Verdier Ave', N'Highway 17A, between Royal Oak Dr (Saanich) and Verdier Ave (Central Saanich)', 25, 0, 48.4988415, -123.3843089, 11.73, 48.577898653333335, -123.44902106666666, 1, 46, 8);
INSERT INTO SEG_Segments (ID, RouteID, NameID, Name, SortingOrder, PrimaryMP, PrimaryLatitude, PrimaryLongitude, SecondaryMP, SecondaryLatitude, SecondaryLongitude, RouteSegmentIndex, ParentAreaID, ParentSubAreaID) VALUES (161, 51, N'Hwy 17A - Verdier Ave to McTavish Rd', N'Highway 17A, between Verdier Ave (Central Saanich) and McTavish Rd (North Saanich)', 26, 11.73, 48.577898653333335, -123.44902106666666, 18.56, 48.63004969, -123.4580807, 2, 46, 8);
INSERT INTO SEG_Segments (ID, RouteID, NameID, Name, SortingOrder, PrimaryMP, PrimaryLatitude, PrimaryLongitude, SecondaryMP, SecondaryLatitude, SecondaryLongitude, RouteSegmentIndex, ParentAreaID, ParentSubAreaID) VALUES (162, 51, N'Hwy 17A - McTavish Rd to Hwy 17', N'Highway 17A, between McTavish Rd and 28 Ave Overpass (North Saanich)', 27, 18.56, 48.63004969, -123.4580807, 27.295, 48.67591924, -123.4260989, 3, 46, 8);
INSERT INTO SEG_Segments (ID, RouteID, NameID, Name, SortingOrder, PrimaryMP, PrimaryLatitude, PrimaryLongitude, SecondaryMP, SecondaryLatitude, SecondaryLongitude, RouteSegmentIndex, ParentAreaID, ParentSubAreaID) VALUES (164, 23, N'Hwy 3 - Sparwood to Crows Nest', N'Highway 3, between Michel Mouth Bridge (Sparwood) and BC/AB Border (British Columbia and Alberta Border)', 7, 821.452, 49.730017211481481, -114.85750195555555, 839.25, 49.6324208535015, -114.69185833094, 32, 47, 12);
INSERT INTO SEG_Segments (ID, RouteID, NameID, Name, SortingOrder, PrimaryMP, PrimaryLatitude, PrimaryLongitude, SecondaryMP, SecondaryLatitude, SecondaryLongitude, RouteSegmentIndex, ParentAreaID, ParentSubAreaID) VALUES (165, 23, N'Hwy 3 - Fernie to Sparwood', N'Highway 3, between Riverside Dr (near Fernie) and Michel Mouth Bridge (Sparwood)', 6, 789.0622648, 49.503965234805655, -115.07015084759786, 821.452, 49.730017211481481, -114.85750195555555, 31, 47, 12);
INSERT INTO SEG_Segments (ID, RouteID, NameID, Name, SortingOrder, PrimaryMP, PrimaryLatitude, PrimaryLongitude, SecondaryMP, SecondaryLatitude, SecondaryLongitude, RouteSegmentIndex, ParentAreaID, ParentSubAreaID) VALUES (166, 24, N'Hwy 30 - Port Alice to Island Highway 19', N'Highway 30, between the start of Highway 30 and the end of Highway 30 (28 miles north of Port Alice)', 10, 0, 50.38913855, -127.4601669, 35.898, 50.6033165181648, -127.308682970284, 1, 46, 10);
INSERT INTO SEG_Segments (ID, RouteID, NameID, Name, SortingOrder, PrimaryMP, PrimaryLatitude, PrimaryLongitude, SecondaryMP, SecondaryLatitude, SecondaryLongitude, RouteSegmentIndex, ParentAreaID, ParentSubAreaID) VALUES (167, 28, N'Hwy 35 - Francois Lake to Burns Lake', N'Highway 35, between Francois Lake Ferry (Northbank) and the end of Highway 35 (Burns Lake)', 5, 0, 54.051009996679106, -125.75653839997874, 23.431, 54.224860579844595, -125.75411320394036, 1, 43, 35);
INSERT INTO SEG_Segments (ID, RouteID, NameID, Name, SortingOrder, PrimaryMP, PrimaryLatitude, PrimaryLongitude, SecondaryMP, SecondaryLatitude, SecondaryLongitude, RouteSegmentIndex, ParentAreaID, ParentSubAreaID) VALUES (170, 32, N'Hwy 4 - Port Alberni to Junction Hwy 19', N'Highway 4, between Beaver Creek Rd (near Port Alberni) and the end of Highway 4 (Qualicum Beach)', 8, 122.6052046, 49.259621339436833, -124.81689367635482, 164.673, 49.3560936350867, -124.439401525278, 4, 46, 9);
INSERT INTO SEG_Segments (ID, RouteID, NameID, Name, SortingOrder, PrimaryMP, PrimaryLatitude, PrimaryLongitude, SecondaryMP, SecondaryLatitude, SecondaryLongitude, RouteSegmentIndex, ParentAreaID, ParentSubAreaID) VALUES (172, 35, N'Hwy 49 - Dawson Creek to BC and AB Border', N'Highway 49, between the start of Highway 49 (Dawson Creek) and the end of Highway 49 (British Columbia and Alberta Border)', 7, 0, 55.758536683778324, -120.22418038093167, 15.178, 55.77713317, -120.0014211, 1, 51, 28);
INSERT INTO SEG_Segments (ID, RouteID, NameID, Name, SortingOrder, PrimaryMP, PrimaryLatitude, PrimaryLongitude, SecondaryMP, SecondaryLatitude, SecondaryLongitude, RouteSegmentIndex, ParentAreaID, ParentSubAreaID) VALUES (173, 36, N'Hwy 4A - Coombs (Hwy 4) to Parksville (Hwy 19A)', N'Highway 4A, between the start of Highway 4A (10 miles west of Parksville) and the end of Highway 4A (Parksville)', 9, 0, 49.30355528, -124.4546568, 11.604, 49.32111561, -124.3136549, 1, 46, 9);
INSERT INTO SEG_Segments (ID, RouteID, NameID, Name, SortingOrder, PrimaryMP, PrimaryLatitude, PrimaryLongitude, SecondaryMP, SecondaryLatitude, SecondaryLongitude, RouteSegmentIndex, ParentAreaID, ParentSubAreaID) VALUES (174, 118, N'Hwy 52N - Tumbler Ridge to Brassey', N'Highway 52 N (Heritage Highway), between 200 Rd (77 miles north of Tumbler Ridge) and the end of Highway 52 N (Heritage Highway) (Tumbler Ridge)', 10, 16.8183322, 55.613670464902889, -120.57568521103784, 98.543, 55.1114187922949, -120.97047599984, 2, 51, 28);
INSERT INTO SEG_Segments (ID, RouteID, NameID, Name, SortingOrder, PrimaryMP, PrimaryLatitude, PrimaryLongitude, SecondaryMP, SecondaryLatitude, SecondaryLongitude, RouteSegmentIndex, ParentAreaID, ParentSubAreaID) VALUES (178, 42, N'Hwy 7B - Junction with Hwy 1 to Junction with Hwy 7', N'Highway 7B, between the start of Highway 7B (Coquitlam) and the end of Highway 7B (Port Coquitlam)', 10, 0, 49.2313156356836, -122.853546980598, 9.987, 49.2495755316619, -122.733518501864, 1, 50, 5);
INSERT INTO SEG_Segments (ID, RouteID, NameID, Name, SortingOrder, PrimaryMP, PrimaryLatitude, PrimaryLongitude, SecondaryMP, SecondaryLatitude, SecondaryLongitude, RouteSegmentIndex, ParentAreaID, ParentSubAreaID) VALUES (179, 64, N'Hwy 9 - Junction Hwy 7 to Harrison Hot Springs', N'Highway 9, between Pioneer Ave (Kent) and Esplanade Ave (Harrison Hot Springs)', 17, 8.245, 49.24730365, -121.7830695, 14.644, 49.30333189, -121.7852588, 2, 50, 6);
INSERT INTO SEG_Segments (ID, RouteID, NameID, Name, SortingOrder, PrimaryMP, PrimaryLatitude, PrimaryLongitude, SecondaryMP, SecondaryLatitude, SecondaryLongitude, RouteSegmentIndex, ParentAreaID, ParentSubAreaID) VALUES (180, 64, N'Hwy 9 - Bridal Falls to Junction Hwy 7', N'Highway 9, between the start of Highway 9 (4 miles south of Kent) and Hot Springs Rd (Kent)', 16, 0, 49.1810965496391, -121.760562185024, 8.145, 49.24014569, -121.7659122, 1, 50, 6);
INSERT INTO SEG_Segments (ID, RouteID, NameID, Name, SortingOrder, PrimaryMP, PrimaryLatitude, PrimaryLongitude, SecondaryMP, SecondaryLatitude, SecondaryLongitude, RouteSegmentIndex, ParentAreaID, ParentSubAreaID) VALUES (181, 44, N'Hwy 91 - Cliveden Ave in Delta to Hwy 99 Junction in Richmond', N'Highway 91, between Nordel Crt and the end of Highway 91 (near Delta)', 17, 14.8408226, 49.145380104319926, -122.93695396827418, 22.743, 49.09215345, -122.8950646, 3, 50, 5);
INSERT INTO SEG_Segments (ID, RouteID, NameID, Name, SortingOrder, PrimaryMP, PrimaryLatitude, PrimaryLongitude, SecondaryMP, SecondaryLatitude, SecondaryLongitude, RouteSegmentIndex, ParentAreaID, ParentSubAreaID) VALUES (182, 45, N'Hwy 91A - Hwy 91 to New West', N'Highway 91A, between the start of Highway 91A and the end of Highway 91A (New Westminster)', 20, 0, 49.1768022966712, -122.956418298063, 3.523, 49.1985284061494, -122.94937509037965, 1, 50, 5);
INSERT INTO SEG_Segments (ID, RouteID, NameID, Name, SortingOrder, PrimaryMP, PrimaryLatitude, PrimaryLongitude, SecondaryMP, SecondaryLatitude, SecondaryLongitude, RouteSegmentIndex, ParentAreaID, ParentSubAreaID) VALUES (183, 66, N'Hwy 95 - Brisco to Golden', N'Highway 95, between Brisco Rd (Brisco) and the end of Highway 95 (Golden)', 20, 39.338, 50.82573159, -116.2687363, 116.629, 51.3070520007117, -116.965535198016, 3, 47, 13);
INSERT INTO SEG_Segments (ID, RouteID, NameID, Name, SortingOrder, PrimaryMP, PrimaryLatitude, PrimaryLongitude, SecondaryMP, SecondaryLatitude, SecondaryLongitude, RouteSegmentIndex, ParentAreaID, ParentSubAreaID) VALUES (184, 66, N'Hwy 95 - Radium Hot Springs to Brisco', N'Highway 95, between Trainor Rd (Radium Hot Springs) and Brisco Rd (Brisco)', 19, 11.302, 50.62226546, -116.0717849, 39.338, 50.82573159, -116.2687363, 2, 47, 13);
INSERT INTO SEG_Segments (ID, RouteID, NameID, Name, SortingOrder, PrimaryMP, PrimaryLatitude, PrimaryLongitude, SecondaryMP, SecondaryLatitude, SecondaryLongitude, RouteSegmentIndex, ParentAreaID, ParentSubAreaID) VALUES (185, 46, N'Hwy 95A - Kimberley to Hwy 93/95 at Wasa Junction', N'Highway 95A, between Rotary Dr and Wasa Junction (27 miles north of Kimberley)', 15, 24.409, 49.660278717908838, -115.96797683579544, 55.464, 49.8105076, -115.7687695, 2, 47, 12);
INSERT INTO SEG_Segments (ID, RouteID, NameID, Name, SortingOrder, PrimaryMP, PrimaryLatitude, PrimaryLongitude, SecondaryMP, SecondaryLatitude, SecondaryLongitude, RouteSegmentIndex, ParentAreaID, ParentSubAreaID) VALUES (186, 46, N'Hwy 95A - Cranbrook to Kimberley', N'Highway 95A, between the start of Highway 95A (Cranbrook) and Rotary Dr (Kimberley)', 14, 0, 49.5361186, -115.7395064, 24.409, 49.660278717908838, -115.96797683579544, 1, 47, 12);
INSERT INTO SEG_Segments (ID, RouteID, NameID, Name, SortingOrder, PrimaryMP, PrimaryLatitude, PrimaryLongitude, SecondaryMP, SecondaryLatitude, SecondaryLongitude, RouteSegmentIndex, ParentAreaID, ParentSubAreaID) VALUES (187, 47, N'Hwy 97A - King Baker Creek to Hwy 1/Hwy 97A Junction', N'Highway 97A, between Davidson Dr (5 miles south of Sicamous) and the end of Highway 97A (Sicamous)', 11, 55.97, 50.764992692096, -119.008711879742, 65.597, 50.838131, -118.976303, 2, 41, 19);
INSERT INTO SEG_Segments (ID, RouteID, NameID, Name, SortingOrder, PrimaryMP, PrimaryLatitude, PrimaryLongitude, SecondaryMP, SecondaryLatitude, SecondaryLongitude, RouteSegmentIndex, ParentAreaID, ParentSubAreaID) VALUES (188, 47, N'Hwy 97A - Junction Hwy 97 to King Baker Creek', N'Highway 97A, between the start of Highway 97A (26 miles south of Enderby) and Davidson Dr (5 miles south of Sicamous)', 10, 0, 50.3373294190588, -119.242164215613, 55.97, 50.764992692096, -119.008711879742, 1, 41, 19);
INSERT INTO SEG_Segments (ID, RouteID, NameID, Name, SortingOrder, PrimaryMP, PrimaryLatitude, PrimaryLongitude, SecondaryMP, SecondaryLatitude, SecondaryLongitude, RouteSegmentIndex, ParentAreaID, ParentSubAreaID) VALUES (189, 48, N'Hwy 97B - Hwy97A/Hwy97B Junction to Black Rd', N'Highway 97B, between the start of Highway 97B (9 miles south of Salmon Arm) and Black Rd (Salmon Arm)', 12, 0, 50.60190488, -119.1525884, 8.814, 50.66403062, -119.2108328, 1, 41, 19);
INSERT INTO SEG_Segments (ID, RouteID, NameID, Name, SortingOrder, PrimaryMP, PrimaryLatitude, PrimaryLongitude, SecondaryMP, SecondaryLatitude, SecondaryLongitude, RouteSegmentIndex, ParentAreaID, ParentSubAreaID) VALUES (190, 48, N'Hwy 97B - Black Rd to Hwy1/Hwy97B Junction', N'Highway 97B, between Black Rd and the end of Highway 97B (Salmon Arm)', 13, 8.814, 50.66403062, -119.2108328, 14.443, 50.71026173, -119.2297347, 2, 41, 19);
INSERT INTO SEG_Segments (ID, RouteID, NameID, Name, SortingOrder, PrimaryMP, PrimaryLatitude, PrimaryLongitude, SecondaryMP, SecondaryLatitude, SecondaryLongitude, RouteSegmentIndex, ParentAreaID, ParentSubAreaID) VALUES (193, 97, N'Horsefly Rd - Horsefly to Junction with Likely Rd-E of 150 Mile House', N'Horsefly Rd, between the start of Horsefly Rd (2 miles west of Dugan Lake) and Horsefly Lake Rd (1 mile east of Horsefly)', 12, 0, 52.152661297051885, -121.94933981901914, 47.433, 52.334574129256296, -121.40160271661775, 1, 48, 25);
INSERT INTO SEG_Segments (ID, RouteID, NameID, Name, SortingOrder, PrimaryMP, PrimaryLatitude, PrimaryLongitude, SecondaryMP, SecondaryLatitude, SecondaryLongitude, RouteSegmentIndex, ParentAreaID, ParentSubAreaID) VALUES (194, 96, N'Horsefly-Likely Rd - Junction with Horsefly Rd to 150 Mile House', N'Horsefly-Likely Rd, between the start of Horsefly-Likely Rd and the end of Horsefly-Likely Rd (4 miles north of 150 Mile House)', 13, 0, 52.114972120887664, -121.93630950198555, 4.454, 52.152661297051885, -121.94933981901914, 1, 48, 25);
INSERT INTO SEG_Segments (ID, RouteID, NameID, Name, SortingOrder, PrimaryMP, PrimaryLatitude, PrimaryLongitude, SecondaryMP, SecondaryLatitude, SecondaryLongitude, RouteSegmentIndex, ParentAreaID, ParentSubAreaID) VALUES (195, 110, N'Mount Washington Road - Inland Island Highway 19 to Mt. Washington', N'Mount Washington Rd, between Alpine Rd and Dove Creek Rd (18 miles east of Mount Washington Ski Resort)', 12, 0, 49.740564423715817, -125.29840491669984, 17.682, 49.7269612902281, -125.11588292399132, 1, 46, 10);
INSERT INTO SEG_Segments (ID, RouteID, NameID, Name, SortingOrder, PrimaryMP, PrimaryLatitude, PrimaryLongitude, SecondaryMP, SecondaryLatitude, SecondaryLongitude, RouteSegmentIndex, ParentAreaID, ParentSubAreaID) VALUES (196, 107, N'Mountain House Road', N'Mountain House Rd, between the start of Mountain House Rd and the end of Mountain House Rd', 15, 0, 52.2790784125241, -122.151664961576, 16.017, 52.2128706468756, -121.96980287699131, 1, 48, 25);
INSERT INTO SEG_Segments (ID, RouteID, NameID, Name, SortingOrder, PrimaryMP, PrimaryLatitude, PrimaryLongitude, SecondaryMP, SecondaryLatitude, SecondaryLongitude, RouteSegmentIndex, ParentAreaID, ParentSubAreaID) VALUES (197, 103, N'Road 40 (Hwy 40) - Lillooet to Mission Dam', N'Road 40 (Lillooet-Pioneer Rd), between Mission Mountain Rd (42 miles west of Lillooet) and Moha Rd (Lillooet)', 5, 71.5092546, 50.789659966514478, -122.21995965874567, 114.79, 50.730750167151164, -121.92938285170457, 2, 48, 24);
INSERT INTO SEG_Segments (ID, RouteID, NameID, Name, SortingOrder, PrimaryMP, PrimaryLatitude, PrimaryLongitude, SecondaryMP, SecondaryLatitude, SecondaryLongitude, RouteSegmentIndex, ParentAreaID, ParentSubAreaID) VALUES (198, 117, N'Telegraph Cr Rd - Burnt Trailer/Tanzilla Access to Dease Lake', N'Telegraph Creek Rd (Highway 51), between Burnt Trailer/Tanzilla Acc (51 miles west of Dease Lake) and Boulder Ave (Dease Lake)', 11, 56.634, 58.198611674625525, -130.67751320547336, 111.127, 58.4372576595876, -130.012666015301, 2, 43, 37);
INSERT INTO SEG_Segments (ID, RouteID, NameID, Name, SortingOrder, PrimaryMP, PrimaryLatitude, PrimaryLongitude, SecondaryMP, SecondaryLatitude, SecondaryLongitude, RouteSegmentIndex, ParentAreaID, ParentSubAreaID) VALUES (200, 114, N'Westside Rd - Hwy97/Westside Rd Junction to Shelter Cove', N'Westside Rd, between Shelter Cove and Highway 97 North (17 to 60 miles east of West Kelowna)', 14, 22.8012917, 50.061028004142855, -119.49804716385627, 65.46, 50.360100198466, -119.293151828007, 2, 41, 19);
INSERT INTO SEG_Segments (ID, RouteID, NameID, Name, SortingOrder, PrimaryMP, PrimaryLatitude, PrimaryLongitude, SecondaryMP, SecondaryLatitude, SecondaryLongitude, RouteSegmentIndex, ParentAreaID, ParentSubAreaID) VALUES (203, 65, N'Hwy 93 - US Border at Roosville to Hwy 3 at Elko Junction', N'Highway 93, between BC/US Border (British Columbia and Montana Border) and Mission Ft Steele Rd (7 miles south of Fort Steele)', 9, 0, 48.9998246037677, -115.055858792024, 36.697, 49.29376939, -115.1255764, 1, 47, 12);
INSERT INTO SEG_Segments (ID, RouteID, NameID, Name, SortingOrder, PrimaryMP, PrimaryLatitude, PrimaryLongitude, SecondaryMP, SecondaryLatitude, SecondaryLongitude, RouteSegmentIndex, ParentAreaID, ParentSubAreaID) VALUES (204, 65, N'Hwy 93 - Hwy 3 at Fort Steele Interchange to Junction Hwy 95A', N'Highway 93, between Back Rd (7 miles south of Fort Steele) and Wasa Junction (3 miles north of Wasa)', 10, 36.797, 49.5747851, -115.678937, 68.25, 49.8105076, -115.7687695, 2, 47, 12);
INSERT INTO SEG_Segments (ID, RouteID, NameID, Name, SortingOrder, PrimaryMP, PrimaryLatitude, PrimaryLongitude, SecondaryMP, SecondaryLatitude, SecondaryLongitude, RouteSegmentIndex, ParentAreaID, ParentSubAreaID) VALUES (205, 65, N'Hwy 93 - Wasa Junction to Canal Flats Bridge', N'Highway 93, between Wasa Junction (3 miles north of Wasa) and Canal Flats Cut-Off Rd (Canal Flats)', 11, 68.25, 49.8105076, -115.7687695, 109.272, 50.1508638961508, -115.806179400188, 3, 47, 12);
INSERT INTO SEG_Segments (ID, RouteID, NameID, Name, SortingOrder, PrimaryMP, PrimaryLatitude, PrimaryLongitude, SecondaryMP, SecondaryLatitude, SecondaryLongitude, RouteSegmentIndex, ParentAreaID, ParentSubAreaID) VALUES (206, 65, N'Hwy 93 - Canal Flats Bridge to Radium Hot Springs', N'Highway 93, between Canal Flats Cut-Off Rd (Canal Flats) and Stanley St (Radium Hot Springs)', 12, 109.272, 50.1508638961508, -115.806179400188, 170.556, 50.6190537954939, -116.069862500939, 4, 47, 12);
INSERT INTO SEG_Segments (ID, RouteID, NameID, Name, SortingOrder, PrimaryMP, PrimaryLatitude, PrimaryLongitude, SecondaryMP, SecondaryLatitude, SecondaryLongitude, RouteSegmentIndex, ParentAreaID, ParentSubAreaID) VALUES (207, 67, N'Hwy 97 - Penticton to Summerland', N'Highway 97, between Riverside Dr (Penticton) and Bridgeman Rd (Summerland)', 18, 66.059, 49.4956431965314, -119.616268203729, 84.001, 49.6339635444191, -119.6825940465, 4, 41, 18);
INSERT INTO SEG_Segments (ID, RouteID, NameID, Name, SortingOrder, PrimaryMP, PrimaryLatitude, PrimaryLongitude, SecondaryMP, SecondaryLatitude, SecondaryLongitude, RouteSegmentIndex, ParentAreaID, ParentSubAreaID) VALUES (208, 67, N'Hwy 97 - Summerland to Junction 97C', N'Highway 97, between Bridgeman Rd (Summerland) and Drought Rd (Peachland)', 19, 84.001, 49.6339635444191, -119.6825940465, 108.055, 49.8003595701494, -119.673677573763, 5, 41, 18);
INSERT INTO SEG_Segments (ID, RouteID, NameID, Name, SortingOrder, PrimaryMP, PrimaryLatitude, PrimaryLongitude, SecondaryMP, SecondaryLatitude, SecondaryLongitude, RouteSegmentIndex, ParentAreaID, ParentSubAreaID) VALUES (209, 67, N'Hwy 97 - Junction 97C to Westside Rd', N'Highway 97, between Drought Rd (Peachland) and William R Bennett Bridge (Kelowna)', 20, 108.055, 49.8003595701494, -119.673677573763, 125.115, 49.8795004196554, -119.511077880424, 6, 41, 18);
INSERT INTO SEG_Segments (ID, RouteID, NameID, Name, SortingOrder, PrimaryMP, PrimaryLatitude, PrimaryLongitude, SecondaryMP, SecondaryLatitude, SecondaryLongitude, RouteSegmentIndex, ParentAreaID, ParentSubAreaID) VALUES (213, 67, N'Hwy 97 - Grandview Flats Rd to Monte Creek Junction', N'Highway 97, between Grandview Flats Rd N (17 miles north of Vernon) and Monte Creek (Monte Creek)', 9, 198.911, 50.402487313196, -119.318169260836, 268.406, 50.6499529958915, -119.95678480286, 10, 41, 19);
INSERT INTO SEG_Segments (ID, RouteID, NameID, Name, SortingOrder, PrimaryMP, PrimaryLatitude, PrimaryLongitude, SecondaryMP, SecondaryLatitude, SecondaryLongitude, RouteSegmentIndex, ParentAreaID, ParentSubAreaID) VALUES (214, 67, N'Hwy 97 - Hwy 1 Cache Creek to Loon Lake Rd', N'Highway 97, between Monte Creek (Cache Creek) and Loon Lake Rd (17 miles south of Clinton)', 7, 268.445, 50.80883019, -121.3253773, 289.687, 50.9675730575622, -121.459129435332, 11, 48, 24);
INSERT INTO SEG_Segments (ID, RouteID, NameID, Name, SortingOrder, PrimaryMP, PrimaryLatitude, PrimaryLongitude, SecondaryMP, SecondaryLatitude, SecondaryLongitude, RouteSegmentIndex, ParentAreaID, ParentSubAreaID) VALUES (215, 67, N'Hwy 97 - Loon Lake Rd to Clinton', N'Highway 97, between Loon Lake Rd (17 miles south of Clinton) and Cariboo Hwy (Clinton)', 8, 289.687, 50.9675730575622, -121.459129435332, 308.93, 51.0942509743523, -121.581699012288, 12, 48, 24);
INSERT INTO SEG_Segments (ID, RouteID, NameID, Name, SortingOrder, PrimaryMP, PrimaryLatitude, PrimaryLongitude, SecondaryMP, SecondaryLatitude, SecondaryLongitude, RouteSegmentIndex, ParentAreaID, ParentSubAreaID) VALUES (216, 67, N'Hwy 97 - Clinton to 93 Mile', N'Highway 97, between Cariboo Hwy (Clinton) and Elefson Rd (6 miles south of 100 Mile House)', 9, 308.93, 51.0942509743523, -121.581699012288, 370.851, 51.5703924959883, -121.344061405556, 13, 48, 24);
INSERT INTO SEG_Segments (ID, RouteID, NameID, Name, SortingOrder, PrimaryMP, PrimaryLatitude, PrimaryLongitude, SecondaryMP, SecondaryLatitude, SecondaryLongitude, RouteSegmentIndex, ParentAreaID, ParentSubAreaID) VALUES (217, 67, N'Hwy 97 - 93 Mile to 100 Mile House', N'Highway 97, between Elefson Rd (6 miles south of 100 Mile House) and First St (100 Mile House)', 10, 370.851, 51.5703924959883, -121.344061405556, 381.312, 51.646556708001491, -121.29628683814133, 14, 48, 24);
INSERT INTO SEG_Segments (ID, RouteID, NameID, Name, SortingOrder, PrimaryMP, PrimaryLatitude, PrimaryLongitude, SecondaryMP, SecondaryLatitude, SecondaryLongitude, RouteSegmentIndex, ParentAreaID, ParentSubAreaID) VALUES (218, 67, N'Hwy 97 - 100 Mile House to 20 km North of Lac La Hache', N'Highway 97, between First St (100 Mile House) and Butler Rd (32 miles south of 150 Mile House)', 11, 381.312, 51.646556708001491, -121.29628683814133, 422.862, 51.874743118081355, -121.66748572138407, 15, 48, 24);
INSERT INTO SEG_Segments (ID, RouteID, NameID, Name, SortingOrder, PrimaryMP, PrimaryLatitude, PrimaryLongitude, SecondaryMP, SecondaryLatitude, SecondaryLongitude, RouteSegmentIndex, ParentAreaID, ParentSubAreaID) VALUES (219, 67, N'Hwy 97 - 20 km North of Lac La Hache to Williams Lake', N'Highway 97, between Butler Rd (32 miles south of 150 Mile House) and Toop Rd (Williams Lake)', 9, 422.862, 51.874743118081355, -121.66748572138407, 472.98, 52.140406799012752, -122.13537158718719, 16, 48, 25);
INSERT INTO SEG_Segments (ID, RouteID, NameID, Name, SortingOrder, PrimaryMP, PrimaryLatitude, PrimaryLongitude, SecondaryMP, SecondaryLatitude, SecondaryLongitude, RouteSegmentIndex, ParentAreaID, ParentSubAreaID) VALUES (220, 67, N'Hwy 97 - Williams Lake to 22 km North of Williams Lake', N'Highway 97, between Toop Rd (Williams Lake) and Kragbak Rd (8 miles north of Wildwood)', 10, 472.98, 52.140406799012752, -122.13537158718719, 493.672, 52.2760484946616, -122.146847701008, 17, 48, 25);
INSERT INTO SEG_Segments (ID, RouteID, NameID, Name, SortingOrder, PrimaryMP, PrimaryLatitude, PrimaryLongitude, SecondaryMP, SecondaryLatitude, SecondaryLongitude, RouteSegmentIndex, ParentAreaID, ParentSubAreaID) VALUES (221, 67, N'Hwy 97 - Quesnel to Olson', N'Highway 97, between North Star Rd (Quesnel) and Olson Rd (24 miles south of Hixon)', 7, 588.345, 52.9862272018426, -122.471288680388, 625.292, 53.2225323232903, -122.430652025848, 22, 48, 26);
INSERT INTO SEG_Segments (ID, RouteID, NameID, Name, SortingOrder, PrimaryMP, PrimaryLatitude, PrimaryLongitude, SecondaryMP, SecondaryLatitude, SecondaryLongitude, RouteSegmentIndex, ParentAreaID, ParentSubAreaID) VALUES (222, 67, N'Hwy 97 - Chetwynd to East Pine Rest Area', N'Highway 97, between 52nd St NW and Watkins Rd (33 miles north of Chetwynd)', 15, 1017.598, 55.6849024997146, -121.592602803872, 1051.5, 55.7288016979348, -121.195185612585, 33, 51, 28);
INSERT INTO SEG_Segments (ID, RouteID, NameID, Name, SortingOrder, PrimaryMP, PrimaryLatitude, PrimaryLongitude, SecondaryMP, SecondaryLatitude, SecondaryLongitude, RouteSegmentIndex, ParentAreaID, ParentSubAreaID) VALUES (223, 67, N'Hwy 97 - East Pine Rest Area to Junction Hwy 52 Arras', N'Highway 97, between Watkins Rd (33 miles north of Chetwynd) and 241 Rd (18 miles south of Dawson Creek)', 16, 1051.5, 55.7288016979348, -121.195185612585, 1094.6946562, 55.75740256993025, -120.55927965451213, 34, 51, 28);
INSERT INTO SEG_Segments (ID, RouteID, NameID, Name, SortingOrder, PrimaryMP, PrimaryLatitude, PrimaryLongitude, SecondaryMP, SecondaryLatitude, SecondaryLongitude, RouteSegmentIndex, ParentAreaID, ParentSubAreaID) VALUES (224, 67, N'Hwy 97 - Junction Hwy 52 Arras to Dawson Creek', N'Highway 97, between 245 Rd (18 miles south of Dawson Creek) and Gordon Calder Way (Dawson Creek)', 17, 1094.6946562, 55.75740256993025, -120.55927965451213, 1114.597, 55.7683746625255, -120.256313784337, 35, 51, 28);
INSERT INTO SEG_Segments (ID, RouteID, NameID, Name, SortingOrder, PrimaryMP, PrimaryLatitude, PrimaryLongitude, SecondaryMP, SecondaryLatitude, SecondaryLongitude, RouteSegmentIndex, ParentAreaID, ParentSubAreaID) VALUES (225, 67, N'Hwy 97 - Dawson Creek to Taylor', N'Highway 97, between Gordon Calder Way (Dawson Creek) and Peace River Bridge (Taylor)', 18, 1114.597, 55.7683746625255, -120.256313784337, 1167.795, 56.1374575843076, -120.67222891187, 36, 51, 28);
INSERT INTO SEG_Segments (ID, RouteID, NameID, Name, SortingOrder, PrimaryMP, PrimaryLatitude, PrimaryLongitude, SecondaryMP, SecondaryLatitude, SecondaryLongitude, RouteSegmentIndex, ParentAreaID, ParentSubAreaID) VALUES (226, 67, N'Hwy 97 - Mile 54 to Mile 83', N'Highway 97, between Bluebird Rd (12 miles north of Fort St John) and Kitt Rd (24 miles south of Wonowon)', 5, 1200, 56.316497694056579, -121.01920180440939, 1246, 56.598870034751243, -121.46516282220911, 39, 51, 29);
INSERT INTO SEG_Segments (ID, RouteID, NameID, Name, SortingOrder, PrimaryMP, PrimaryLatitude, PrimaryLongitude, SecondaryMP, SecondaryLatitude, SecondaryLongitude, RouteSegmentIndex, ParentAreaID, ParentSubAreaID) VALUES (228, 67, N'Hwy 97 - Muskwa River Bridge to North Fort Nelson Boundary', N'Highway 97, between Sikanni Rd (1 mile south of Fort Nelson) and Pipeline Mainline (1 mile north of Fort Nelson)', 6, 1563, 58.783895257837067, -122.656171580642, 1571, 58.799919810557171, -122.76359831509011, 40, 51, 29);
INSERT INTO SEG_Segments (ID, RouteID, NameID, Name, SortingOrder, PrimaryMP, PrimaryLatitude, PrimaryLongitude, SecondaryMP, SecondaryLatitude, SecondaryLongitude, RouteSegmentIndex, ParentAreaID, ParentSubAreaID) VALUES (234, 69, N'Hwy 99 - BC/Washington border to Massey Tunnel', N'Highway 99, between the start of Highway 99 (British Columbia and Washington Border) and Massey Tunnel (Richmond)', 21, 0, 49.002111609140876, -122.75601157145978, 30.066, 49.122076710688333, -123.07582171506581, 1, 50, 5);
INSERT INTO SEG_Segments (ID, RouteID, NameID, Name, SortingOrder, PrimaryMP, PrimaryLatitude, PrimaryLongitude, SecondaryMP, SecondaryLatitude, SecondaryLongitude, RouteSegmentIndex, ParentAreaID, ParentSubAreaID) VALUES (235, 69, N'Hwy 99 - Massey Tunnel to Oak St Bridge', N'Highway 99, between Massey Tunnel (Richmond) and Oak Street Bridge (Vancouver)', 22, 30.066, 49.122076710688333, -123.07582171506581, 40.072, 49.2000105969204, -123.125725391399, 2, 50, 5);
INSERT INTO SEG_Segments (ID, RouteID, NameID, Name, SortingOrder, PrimaryMP, PrimaryLatitude, PrimaryLongitude, SecondaryMP, SecondaryLatitude, SecondaryLongitude, RouteSegmentIndex, ParentAreaID, ParentSubAreaID) VALUES (236, 69, N'Hwy 99 - Oak Street Bridge to Vancouver', N'Highway 99, between Oak Street Bridge and Granville Bridge (Vancouver)', 23, 40.072, 49.2000105969204, -123.125725391399, 49.312, 49.2738578816463, -123.131099844029, 3, 50, 5);
INSERT INTO SEG_Segments (ID, RouteID, NameID, Name, SortingOrder, PrimaryMP, PrimaryLatitude, PrimaryLongitude, SecondaryMP, SecondaryLatitude, SecondaryLongitude, RouteSegmentIndex, ParentAreaID, ParentSubAreaID) VALUES (237, 69, N'Hwy 99 - Vancouver to Junction Hwy 1', N'Highway 99, between Granville Bridge (Vancouver) and Ansell Pl (West Vancouver)', 24, 49.312, 49.2738578816463, -123.131099844029, 58.5948, 49.338031667787661, -123.14013436973676, 4, 50, 5);
INSERT INTO SEG_Segments (ID, RouteID, NameID, Name, SortingOrder, PrimaryMP, PrimaryLatitude, PrimaryLongitude, SecondaryMP, SecondaryLatitude, SecondaryLongitude, RouteSegmentIndex, ParentAreaID, ParentSubAreaID) VALUES (238, 69, N'Hwy 99 - Hwy 1 Junction at Horseshoe Bay to Lions Bay', N'Highway 99, between Inglewood Ave (West Vancouver) and Lions Bay Ave (Lions Bay)', 3, 68.785, 49.3620653779824, -123.264283974816, 81.178, 49.4580723452283, -123.236454370097, 5, 50, 3);
INSERT INTO SEG_Segments (ID, RouteID, NameID, Name, SortingOrder, PrimaryMP, PrimaryLatitude, PrimaryLongitude, SecondaryMP, SecondaryLatitude, SecondaryLongitude, RouteSegmentIndex, ParentAreaID, ParentSubAreaID) VALUES (239, 69, N'Hwy 99 - Lions Bay to Squamish', N'Highway 99, between Lions Bay Ave (Lions Bay) and Clarke Dr (Squamish)', 4, 81.178, 49.4580723452283, -123.236454370097, 112.307, 49.69517490118649, -123.14472799000049, 6, 50, 3);
INSERT INTO SEG_Segments (ID, RouteID, NameID, Name, SortingOrder, PrimaryMP, PrimaryLatitude, PrimaryLongitude, SecondaryMP, SecondaryLatitude, SecondaryLongitude, RouteSegmentIndex, ParentAreaID, ParentSubAreaID) VALUES (240, 69, N'Hwy 99 - Squamish to Whistler Village', N'Highway 99, between Clarke Dr (Squamish) and Autumn Dr (Whistler)', 5, 112.307, 49.69517490118649, -123.14472799000049, 177.506, 50.153167831091, -122.937854414705, 7, 50, 3);
INSERT INTO SEG_Segments (ID, RouteID, NameID, Name, SortingOrder, PrimaryMP, PrimaryLatitude, PrimaryLongitude, SecondaryMP, SecondaryLatitude, SecondaryLongitude, RouteSegmentIndex, ParentAreaID, ParentSubAreaID) VALUES (241, 69, N'Hwy 99 - Whistler Village to Pemberton', N'Highway 99, between Trudys Landing (Whistler) and Kwetsa Rd (Pemberton)', 6, 177.506, 50.153167831091, -122.937854414705, 207.136, 50.3108176237932, -122.745675872816, 8, 50, 3);
INSERT INTO SEG_Segments (ID, RouteID, NameID, Name, SortingOrder, PrimaryMP, PrimaryLatitude, PrimaryLongitude, SecondaryMP, SecondaryLatitude, SecondaryLongitude, RouteSegmentIndex, ParentAreaID, ParentSubAreaID) VALUES (242, 69, N'Hwy 99 - Pemberton to Duffey Lake', N'Highway 99, between Kwetsa Rd (Pemberton) and Seton Lake Rd (38 miles south of Lillooet)', 7, 207.136, 50.3108176237932, -122.745675872816, 255, 50.440673565967536, -122.25444927316524, 9, 50, 3);
INSERT INTO SEG_Segments (ID, RouteID, NameID, Name, SortingOrder, PrimaryMP, PrimaryLatitude, PrimaryLongitude, SecondaryMP, SecondaryLatitude, SecondaryLongitude, RouteSegmentIndex, ParentAreaID, ParentSubAreaID) VALUES (243, 69, N'Hwy 99 - Kane Creek Bridge to Lillooet', N'Highway 99, between Lil&#39;wat Pl (38 miles south of Lillooet) and Seton Lake Rd (Lillooet)', 13, 255, 50.440673565967536, -122.25444927316524, 300.07, 50.6806327181141, -121.933876600299, 10, 48, 24);
INSERT INTO SEG_Segments (ID, RouteID, NameID, Name, SortingOrder, PrimaryMP, PrimaryLatitude, PrimaryLongitude, SecondaryMP, SecondaryLatitude, SecondaryLongitude, RouteSegmentIndex, ParentAreaID, ParentSubAreaID) VALUES (244, 69, N'Hwy 99 - Lillooet to Hwy 99 - Hat Creek Corner', N'Highway 99, between Seton Lake Rd and Hat Creek Rd (50 miles north of Lillooet)', 14, 300.07, 50.6806327181141, -121.933876600299, 355.563, 50.7962151732001, -121.61158279184, 11, 48, 24);
INSERT INTO SEG_Segments (ID, RouteID, NameID, Name, SortingOrder, PrimaryMP, PrimaryLatitude, PrimaryLongitude, SecondaryMP, SecondaryLatitude, SecondaryLongitude, RouteSegmentIndex, ParentAreaID, ParentSubAreaID) VALUES (245, 69, N'Hwy 99 - Hat Creek Corner to Junction with Hwy 97', N'Highway 99, between Hat Creek Rd and the end of Highway 99 (50 to 71 miles north of Lillooet)', 15, 355.563, 50.7962151732001, -121.61158279184, 375.971, 50.887853314226, -121.399999631095, 12, 48, 24);
INSERT INTO SEG_Segments (ID, RouteID, NameID, Name, SortingOrder, PrimaryMP, PrimaryLatitude, PrimaryLongitude, SecondaryMP, SecondaryLatitude, SecondaryLongitude, RouteSegmentIndex, ParentAreaID, ParentSubAreaID) VALUES (250, 1, N'Hwy 1 - Glacier Nat Park Summit to East Boundary Glacier National Park', N'Highway 1, between Rogers Pass Summit (Rogers Pass Summit) and Glacier Park East Boundary (East Boundary of Glacier National Park)', 6, 900.601, 51.2998271, -117.5199983, 923.333, 51.4631864, -117.4798905, 45, 47, 13);
INSERT INTO SEG_Segments (ID, RouteID, NameID, Name, SortingOrder, PrimaryMP, PrimaryLatitude, PrimaryLongitude, SecondaryMP, SecondaryLatitude, SecondaryLongitude, RouteSegmentIndex, ParentAreaID, ParentSubAreaID) VALUES (251, 1, N'Hwy 1 - East Boundary Glacier National Park to Quartz Creek', N'Highway 1, between Glacier Park East Boundary and Quartz Creek Bridge (Structure) (14 miles east of East Boundary of Glacier National Park)', 7, 923.333, 51.4631864, -117.4798905, 936.849, 51.478345484285718, -117.35905221428571, 46, 47, 13);
INSERT INTO SEG_Segments (ID, RouteID, NameID, Name, SortingOrder, PrimaryMP, PrimaryLatitude, PrimaryLongitude, SecondaryMP, SecondaryLatitude, SecondaryLongitude, RouteSegmentIndex, ParentAreaID, ParentSubAreaID) VALUES (252, 1, N'Hwy 1 - Donald to Golden', N'Highway 1, between Donald Rd (24 miles west of Golden) and Golden Donald Upper Rd (near Golden)', 9, 954.034, 51.486500766721065, -117.1709055852708, 980.1842996, 51.300820789412455, -116.96319810766818, 48, 47, 13);
INSERT INTO SEG_Segments (ID, RouteID, NameID, Name, SortingOrder, PrimaryMP, PrimaryLatitude, PrimaryLongitude, SecondaryMP, SecondaryLatitude, SecondaryLongitude, RouteSegmentIndex, ParentAreaID, ParentSubAreaID) VALUES (253, 1, N'Hwy 1 - Quartz Creek to Donald', N'Highway 1, between Quartz Creek Bridge (Structure) (14 miles east of East Boundary of Glacier National Park) and Donald Rd (24 miles west of Golden)', 8, 936.849, 51.478345484285718, -117.35905221428571, 954.034, 51.486500766721065, -117.1709055852708, 47, 47, 13);
INSERT INTO SEG_Segments (ID, RouteID, NameID, Name, SortingOrder, PrimaryMP, PrimaryLatitude, PrimaryLongitude, SecondaryMP, SecondaryLatitude, SecondaryLongitude, RouteSegmentIndex, ParentAreaID, ParentSubAreaID) VALUES (256, 11, N'Hwy 16 - Prince George to Purden', N'Highway 16, between Ferry Ave (Prince George) and Bowron River Rest Area (Purden Lake)', 2, 1022.702, 53.8973424, -122.7680021, 1081.873, 53.8978187, -121.9899351, 23, 45, 31);
INSERT INTO SEG_Segments (ID, RouteID, NameID, Name, SortingOrder, PrimaryMP, PrimaryLatitude, PrimaryLongitude, SecondaryMP, SecondaryLatitude, SecondaryLongitude, RouteSegmentIndex, ParentAreaID, ParentSubAreaID) VALUES (257, 11, N'Hwy 16 - Purden Lake to Slim Creek', N'Highway 16, between Bowron River Rest Area and Dome Creek Rd (53 miles east of Purden Lake)', 3, 1081.873, 53.8978187, -121.9899351, 1145.856, 53.726377019918381, -121.14218214874759, 24, 45, 31);
INSERT INTO SEG_Segments (ID, RouteID, NameID, Name, SortingOrder, PrimaryMP, PrimaryLatitude, PrimaryLongitude, SecondaryMP, SecondaryLatitude, SecondaryLongitude, RouteSegmentIndex, ParentAreaID, ParentSubAreaID) VALUES (258, 11, N'Hwy 16 - Slim Creek to Crescent Spur', N'Highway 16, between Dome Creek Camp (53 miles east of Purden Lake) and Loos Rd (49 miles west of McBride)', 4, 1145.856, 53.726377019918381, -121.14218214874759, 1184.237, 53.540402224137928, -120.71943640344829, 25, 45, 31);
INSERT INTO SEG_Segments (ID, RouteID, NameID, Name, SortingOrder, PrimaryMP, PrimaryLatitude, PrimaryLongitude, SecondaryMP, SecondaryLatitude, SecondaryLongitude, RouteSegmentIndex, ParentAreaID, ParentSubAreaID) VALUES (259, 30, N'Hwy 39 - Junction Hwy 97 to Mackenzie', N'Highway 39, between the start of Highway 39 (Mackenzie Junction) and McIntyre Dr (Mackenzie)', 5, 0, 55.1193378, -122.9585924, 29.894, 55.3462777991188, -123.093872000464, 1, 45, 31);
INSERT INTO SEG_Segments (ID, RouteID, NameID, Name, SortingOrder, PrimaryMP, PrimaryLatitude, PrimaryLongitude, SecondaryMP, SecondaryLatitude, SecondaryLongitude, RouteSegmentIndex, ParentAreaID, ParentSubAreaID) VALUES (261, 67, N'Hwy 97 - Stoner to Prince George', N'Highway 97, between Stoner Pit Rd (22 miles south of Pineview) and Pine Centre Rd (Prince George)', 6, 675.243, 53.6179798011705, -122.664856182614, 710.534, 53.8988251764541, -122.773793127753, 25, 45, 31);
INSERT INTO SEG_Segments (ID, RouteID, NameID, Name, SortingOrder, PrimaryMP, PrimaryLatitude, PrimaryLongitude, SecondaryMP, SecondaryLatitude, SecondaryLongitude, RouteSegmentIndex, ParentAreaID, ParentSubAreaID) VALUES (262, 67, N'Hwy 97 - Prince George to Salmon Valley', N'Highway 97, between Pine Centre Rd and Mitchell Rd (22 miles north of Prince George)', 7, 710.534, 53.8988251764541, -122.773793127753, 751.137, 54.1977596967289, -122.603470000179, 26, 45, 31);
INSERT INTO SEG_Segments (ID, RouteID, NameID, Name, SortingOrder, PrimaryMP, PrimaryLatitude, PrimaryLongitude, SecondaryMP, SecondaryLatitude, SecondaryLongitude, RouteSegmentIndex, ParentAreaID, ParentSubAreaID) VALUES (263, 56, N'Hwy 29 - Tumbler to Gwillim', N'Highway 29, between the start of Highway 29 and Lone Prairie Rd (42 miles north of Tumbler Ridge)', 2, 0, 55.1114187922949, -120.97047599984, 46.16, 55.355160848986039, -121.39458650661864, 1, 51, 28);
INSERT INTO SEG_Segments (ID, RouteID, NameID, Name, SortingOrder, PrimaryMP, PrimaryLatitude, PrimaryLongitude, SecondaryMP, SecondaryLatitude, SecondaryLongitude, RouteSegmentIndex, ParentAreaID, ParentSubAreaID) VALUES (264, 56, N'Hwy 29 - Gwillim to Chetwynd', N'Highway 29, between Bullmoose Rd (42 miles north of Tumbler Ridge) and 53rd Ave NE (near Chetwynd)', 3, 46.16, 55.355160848986039, -121.39458650661864, 93.68, 55.6850293491603, -121.5941215028396, 2, 51, 28);
INSERT INTO SEG_Segments (ID, RouteID, NameID, Name, SortingOrder, PrimaryMP, PrimaryLatitude, PrimaryLongitude, SecondaryMP, SecondaryLatitude, SecondaryLongitude, RouteSegmentIndex, ParentAreaID, ParentSubAreaID) VALUES (265, 56, N'Hwy 29 - Junction with Hwy 97 (Chetwynd) to Hudson''s Hope', N'Highway 29, between Weiland Rd (near Chetwynd) and Peace Canyon Access Rd (6 miles south of Hudson&#39;s Hope)', 4, 93.68, 55.6850293491603, -121.5941215028396, 151.48, 55.995071233421896, -121.947184502599, 3, 51, 28);
INSERT INTO SEG_Segments (ID, RouteID, NameID, Name, SortingOrder, PrimaryMP, PrimaryLatitude, PrimaryLongitude, SecondaryMP, SecondaryLatitude, SecondaryLongitude, RouteSegmentIndex, ParentAreaID, ParentSubAreaID) VALUES (266, 67, N'Hwy 97 - McLeod Lake to Junction Hwy 39', N'Highway 97, between Carp Lake Rd (McLeod Lake) and Kloss Rd (1 mile south of Mackenzie Junction)', 10, 850.255, 54.9918265422555, -123.033149634638, 865.65, 55.117677696655981, -122.97490866175383, 29, 45, 31);
INSERT INTO SEG_Segments (ID, RouteID, NameID, Name, SortingOrder, PrimaryMP, PrimaryLatitude, PrimaryLongitude, SecondaryMP, SecondaryLatitude, SecondaryLongitude, RouteSegmentIndex, ParentAreaID, ParentSubAreaID) VALUES (267, 67, N'Hwy 97 - Junction Hwy 39 to Pine Pass Summit', N'Highway 97, between Tudyah Lake Provincial Pk (1 mile south of Mackenzie Junction) and Old Hasler Rd (near Pine Pass Summit)', 12, 865.65, 55.117677696655981, -122.97490866175383, 909.74, 55.3869902173862, -122.62088358135493, 30, 51, 28);
INSERT INTO SEG_Segments (ID, RouteID, NameID, Name, SortingOrder, PrimaryMP, PrimaryLatitude, PrimaryLongitude, SecondaryMP, SecondaryLatitude, SecondaryLongitude, RouteSegmentIndex, ParentAreaID, ParentSubAreaID) VALUES (268, 67, N'Hwy 97 - Pine Pass Summit to Hasler', N'Highway 97, between Powder King Rd (near Pine Pass Summit) and Old Hasler Rd (24 miles south of Chetwynd)', 13, 909.74, 55.3869902173862, -122.62088358135493, 989.08, 55.612130531491751, -121.97495754593268, 31, 51, 28);
INSERT INTO SEG_Segments (ID, RouteID, NameID, Name, SortingOrder, PrimaryMP, PrimaryLatitude, PrimaryLongitude, SecondaryMP, SecondaryLatitude, SecondaryLongitude, RouteSegmentIndex, ParentAreaID, ParentSubAreaID) VALUES (269, 67, N'Hwy 97 - Hasler to Chetwynd', N'Highway 97, between Powder King Rd (24 miles south of Chetwynd) and Weiland Rd (Chetwynd)', 14, 989.08, 55.612130531491751, -121.97495754593268, 1014.682, 55.6975793985231, -121.629582500578, 32, 51, 28);
INSERT INTO SEG_Segments (ID, RouteID, NameID, Name, SortingOrder, PrimaryMP, PrimaryLatitude, PrimaryLongitude, SecondaryMP, SecondaryLatitude, SecondaryLongitude, RouteSegmentIndex, ParentAreaID, ParentSubAreaID) VALUES (274, 41, N'Hwy 77 - Junction Hwy 97 to Fort Nelson River Bridge', N'Highway 77, between the start of Highway 77 and Fort Nelson River Bridge (96 to 138 miles south of British Columbia and Northwest Territory Border)', 1, 0, 58.90138011, -123.1253265, 41.77, 59.2309978332666, -123.249157721449, 1, 51, 29);
INSERT INTO SEG_Segments (ID, RouteID, NameID, Name, SortingOrder, PrimaryMP, PrimaryLatitude, PrimaryLongitude, SecondaryMP, SecondaryLatitude, SecondaryLongitude, RouteSegmentIndex, ParentAreaID, ParentSubAreaID) VALUES (275, 41, N'Hwy 77 - Fort Nelson River Bridge to NWT Border', N'Highway 77, between Fort Nelson River Bridge (96 miles south of British Columbia and Northwest Territory Border) and the end of Highway 77 (British Columbia and Northwest Territory Border)', 2, 41.77, 59.2309978332666, -123.249157721449, 137.591, 60.00016184, -122.9330098, 2, 51, 29);
INSERT INTO SEG_Segments (ID, RouteID, NameID, Name, SortingOrder, PrimaryMP, PrimaryLatitude, PrimaryLongitude, SecondaryMP, SecondaryLatitude, SecondaryLongitude, RouteSegmentIndex, ParentAreaID, ParentSubAreaID) VALUES (276, 11, N'Hwy16 - Wakefield Road to Houston', N'Highway 16, between Wakefield Rd (16 miles east of Telkwa) and Butler Ave (Houston)', 1, 686.6932, 54.60874087, -126.84652581125, 718.444, 54.4011241, -126.6438475, 14, 43, 35);
INSERT INTO SEG_Segments (ID, RouteID, NameID, Name, SortingOrder, PrimaryMP, PrimaryLatitude, PrimaryLongitude, SecondaryMP, SecondaryLatitude, SecondaryLongitude, RouteSegmentIndex, ParentAreaID, ParentSubAreaID) VALUES (277, 11, N'Hwy 16 - Houston to 6 Mile Brake Check', N'Highway 16, between Butler Ave (Houston) and 6 Mile Hill Brakecheck (9 miles east of Topley)', 2, 718.444, 54.4011241, -126.6438475, 757.413, 54.45257139, -126.194693, 15, 43, 35);
INSERT INTO SEG_Segments (ID, RouteID, NameID, Name, SortingOrder, PrimaryMP, PrimaryLatitude, PrimaryLongitude, SecondaryMP, SecondaryLatitude, SecondaryLongitude, RouteSegmentIndex, ParentAreaID, ParentSubAreaID) VALUES (278, 11, N'Hwy 16 - 6 Mile Brake Check to Burns Lake', N'Highway 16, between 6 Mile Hill Brakecheck (9 miles east of Topley) and Center St (Burns Lake)', 3, 757.413, 54.45257139, -126.194693, 798.416, 54.22735888, -125.760221, 16, 43, 35);
INSERT INTO SEG_Segments (ID, RouteID, NameID, Name, SortingOrder, PrimaryMP, PrimaryLatitude, PrimaryLongitude, SecondaryMP, SecondaryLatitude, SecondaryLongitude, RouteSegmentIndex, ParentAreaID, ParentSubAreaID) VALUES (279, 11, N'Hwy 16 - New Hazelton to Witset/Moricetown', N'Highway 16, between New Hazelton Hi-Level Rd (near New Hazelton) and Moricetown Overhead Bridge (Witset (Moricetown))', 3, 586.6725329, 55.246833616869445, -127.59269705435702, 619.354, 55.043798356363638, -127.33651681398602, 11, 43, 36);
INSERT INTO SEG_Segments (ID, RouteID, NameID, Name, SortingOrder, PrimaryMP, PrimaryLatitude, PrimaryLongitude, SecondaryMP, SecondaryLatitude, SecondaryLongitude, RouteSegmentIndex, ParentAreaID, ParentSubAreaID) VALUES (280, 11, N'Hwy 16 - Smithers to Wakefield Road', N'Highway 16, between Main St - Smithers (Smithers) and Wakefield Rd (16 miles east of Telkwa)', 5, 654.32, 54.782005639921181, -127.16683287625399, 686.6932, 54.60874087, -126.84652581125, 13, 43, 36);
INSERT INTO SEG_Segments (ID, RouteID, NameID, Name, SortingOrder, PrimaryMP, PrimaryLatitude, PrimaryLongitude, SecondaryMP, SecondaryLatitude, SecondaryLongitude, RouteSegmentIndex, ParentAreaID, ParentSubAreaID) VALUES (281, 11, N'Hwy 16 - Witset/Moricetown to Smithers', N'Highway 16, between Moricetown Overhead Bridge (Witset (Moricetown)) and Main St - Smithers (Smithers)', 4, 619.354, 55.043798356363638, -127.33651681398602, 654.32, 54.782005639921181, -127.16683287625399, 12, 43, 36);
INSERT INTO SEG_Segments (ID, RouteID, NameID, Name, SortingOrder, PrimaryMP, PrimaryLatitude, PrimaryLongitude, SecondaryMP, SecondaryLatitude, SecondaryLongitude, RouteSegmentIndex, ParentAreaID, ParentSubAreaID) VALUES (284, 5, N'Hwy 113 - Gingolx to New Aiyansh', N'Nisga&#39;a Hwy (Highway 113), between Broad St (Gingolx) and Nass Rd (Gitlaxt&#39;aamiks (New Aiyanish))', 4, 0, 54.99278758, -129.9530783, 72.263, 55.21059166, -129.1097071, 1, 49, 39);
INSERT INTO SEG_Segments (ID, RouteID, NameID, Name, SortingOrder, PrimaryMP, PrimaryLatitude, PrimaryLongitude, SecondaryMP, SecondaryLatitude, SecondaryLongitude, RouteSegmentIndex, ParentAreaID, ParentSubAreaID) VALUES (285, 5, N'Hwy 113 - New Aiyansh to Big Cedar Bridge', N'Nisga&#39;a Hwy (Highway 113), between Nass Rd (Gitlaxt&#39;aamiks (New Aiyanish)) and Big Cedar Bridge (41 miles south of Gitlaxt&#39;aamiks (New Aiyanish))', 5, 72.263, 55.21059166, -129.1097071, 117.433, 54.90633644, -128.8592116, 2, 49, 39);
INSERT INTO SEG_Segments (ID, RouteID, NameID, Name, SortingOrder, PrimaryMP, PrimaryLatitude, PrimaryLongitude, SecondaryMP, SecondaryLatitude, SecondaryLongitude, RouteSegmentIndex, ParentAreaID, ParentSubAreaID) VALUES (286, 5, N'Hwy 113 - Big Cedar Bridge to Terrace', N'Nisga&#39;a Hwy (Highway 113), between Big Cedar Bridge (41 miles south of Gitlaxt&#39;aamiks (New Aiyanish)) and the end of Nisga&#39;a Hwy (Highway 113) (Terrace)', 6, 117.433, 54.90633644, -128.8592116, 168.525, 54.51718028, -128.6239149, 3, 49, 39);
INSERT INTO SEG_Segments (ID, RouteID, NameID, Name, SortingOrder, PrimaryMP, PrimaryLatitude, PrimaryLongitude, SecondaryMP, SecondaryLatitude, SecondaryLongitude, RouteSegmentIndex, ParentAreaID, ParentSubAreaID) VALUES (287, 11, N'Hwy 16 - Prince Rupert to Port Edward Turnoff', N'Highway 16, between 1st St (near Prince Rupert) and Port Edward Turnoff (7 miles east of Prince Rupert)', 4, 306.1762173, 54.31507489369281, -130.32099882162959, 317.996, 54.25296719, -130.2584735, 4, 49, 40);
INSERT INTO SEG_Segments (ID, RouteID, NameID, Name, SortingOrder, PrimaryMP, PrimaryLatitude, PrimaryLongitude, SecondaryMP, SecondaryLatitude, SecondaryLongitude, RouteSegmentIndex, ParentAreaID, ParentSubAreaID) VALUES (288, 11, N'Hwy 16 - Port Edward Turnoff to Rainbow Pass (28km East of Prince Rupert)', N'Highway 16, between Port Edward Turnoff and Rainbow Chain Up (7 to 29 miles east of Prince Rupert)', 5, 317.996, 54.25296719, -130.2584735, 339.982, 54.2092563655, -129.9827056, 5, 49, 40);
INSERT INTO SEG_Segments (ID, RouteID, NameID, Name, SortingOrder, PrimaryMP, PrimaryLatitude, PrimaryLongitude, SecondaryMP, SecondaryLatitude, SecondaryLongitude, RouteSegmentIndex, ParentAreaID, ParentSubAreaID) VALUES (289, 11, N'Hwy 16 - Rainbow Pass to SA27/26 Mtnc Boundary', N'Highway 16, between Rainbow Chain Up and Maintenance Boundary SA26 (29 to 63 miles east of Prince Rupert)', 6, 339.982, 54.2092563655, -129.9827056, 373.495, 54.225455884082123, -129.55611105551708, 6, 49, 40);
INSERT INTO SEG_Segments (ID, RouteID, NameID, Name, SortingOrder, PrimaryMP, PrimaryLatitude, PrimaryLongitude, SecondaryMP, SecondaryLatitude, SecondaryLongitude, RouteSegmentIndex, ParentAreaID, ParentSubAreaID) VALUES (290, 11, N'Hwy 16 - Port Clements to Skidegate', N'Highway 16 (on Haida Gwaii), between Nadu Rd (near Port Clements) and Skidgate Ferry Terminal (Skidegate)', 2, 65.6659672, 53.688375234915107, -132.16332426855752, 127.557, 53.24690987, -132.0099054, 2, 49, 40);
INSERT INTO SEG_Segments (ID, RouteID, NameID, Name, SortingOrder, PrimaryMP, PrimaryLatitude, PrimaryLongitude, SecondaryMP, SecondaryLatitude, SecondaryLongitude, RouteSegmentIndex, ParentAreaID, ParentSubAreaID) VALUES (301, 21, N'Hwy 27 - Fort St. James to Junction with Hwy 16', N'Highway 27, between the start of Highway 27 (53 miles south of Fort St James) and Tachie Rd (1 mile north of Fort St James)', 5, 0, 54.01282194, -124.1194762, 61.225, 54.47361469, -124.1896445, 1, 45, 33);
INSERT INTO SEG_Segments (ID, RouteID, NameID, Name, SortingOrder, PrimaryMP, PrimaryLatitude, PrimaryLongitude, SecondaryMP, SecondaryLatitude, SecondaryLongitude, RouteSegmentIndex, ParentAreaID, ParentSubAreaID) VALUES (302, 11, N'Hwy 16 - Bednesti to Prince George', N'Highway 16, between Lloyd Dr (1 mile west of Bednesti Norman) and Upland St (Prince George)', 1, 970.831, 53.8873564096738, -123.436412737966, 1022.702, 53.8973424, -122.7680021, 22, 45, 31);
INSERT INTO SEG_Segments (ID, RouteID, NameID, Name, SortingOrder, PrimaryMP, PrimaryLatitude, PrimaryLongitude, SecondaryMP, SecondaryLatitude, SecondaryLongitude, RouteSegmentIndex, ParentAreaID, ParentSubAreaID) VALUES (303, 11, N'Hwy 16 - Burns Lake to Priestly Hill', N'Highway 16, between Center St (Burns Lake) and SA24/23 Maintenance Boundary (Priestly Hill)', 4, 798.416, 54.22735888, -125.760221, 831.149, 54.12256104, -125.350475, 17, 43, 35);
INSERT INTO SEG_Segments (ID, RouteID, NameID, Name, SortingOrder, PrimaryMP, PrimaryLatitude, PrimaryLongitude, SecondaryMP, SecondaryLatitude, SecondaryLongitude, RouteSegmentIndex, ParentAreaID, ParentSubAreaID) VALUES (306, 66, N'Hwy 95 - US Border at Kingsgate to Hwy 3 at Curzon Junction', N'Highway 95, between BC/US Border (Kingsgate) and Sinclair Creek Loop Rd (Curzon Junction)', 13, 0, 49.0008258181145, -116.180653516751, 11.202, 49.07499553, -116.1406709, 1, 47, 12);
INSERT INTO SEG_Segments (ID, RouteID, NameID, Name, SortingOrder, PrimaryMP, PrimaryLatitude, PrimaryLongitude, SecondaryMP, SecondaryLatitude, SecondaryLongitude, RouteSegmentIndex, ParentAreaID, ParentSubAreaID) VALUES (309, 11, N'Hwy 16 - SA 26-27 Maintenance Boundary ( 76 kms West of Terrace) to Terrace', N'Highway 16, between Maintenance Boundary SA26 (63 miles east of Prince Rupert) and Kenney St (near Terrace)', 1, 373.495, 54.225455884082123, -129.55611105551708, 448.45, 54.517181082725386, -128.62393024829072, 7, 49, 39);
INSERT INTO SEG_Segments (ID, RouteID, NameID, Name, SortingOrder, PrimaryMP, PrimaryLatitude, PrimaryLongitude, SecondaryMP, SecondaryLatitude, SecondaryLongitude, RouteSegmentIndex, ParentAreaID, ParentSubAreaID) VALUES (310, 11, N'Hwy 16 - Terrace to SA 26-25 Maintenance Boundary (47kms East of Terrace)', N'Highway 16, between Frank St (near Terrace) and Maintenance Boundary SA25 (24 miles west of Cedarvale)', 2, 448.45, 54.517181082725386, -128.62393024829072, 500.41, 54.832683915541125, -128.31388779090909, 8, 49, 39);
INSERT INTO SEG_Segments (ID, RouteID, NameID, Name, SortingOrder, PrimaryMP, PrimaryLatitude, PrimaryLongitude, SecondaryMP, SecondaryLatitude, SecondaryLongitude, RouteSegmentIndex, ParentAreaID, ParentSubAreaID) VALUES (313, 17, N'Hwy 22 - Trail to Castlegar', N'Highway 22, between Second St (near Trail) and the end of Highway 22 (Castlegar)', 15, 20.24, 49.096928380695843, -117.71563191064696, 45.939, 49.29748557, -117.6551722, 3, 44, 15);
INSERT INTO SEG_Segments (ID, RouteID, NameID, Name, SortingOrder, PrimaryMP, PrimaryLatitude, PrimaryLongitude, SecondaryMP, SecondaryLatitude, SecondaryLongitude, RouteSegmentIndex, ParentAreaID, ParentSubAreaID) VALUES (314, 23, N'Hwy 3 - Eholt Summit to Grand Forks', N'Highway 3, between Gowrie St (2 miles west of Eholt Summit) and Bluff St (near Grand Forks)', 4, 347.4, 49.14542697694268, -118.53437070389369, 373.44, 49.034505083333329, -118.4351213, 14, 44, 15);
INSERT INTO SEG_Segments (ID, RouteID, NameID, Name, SortingOrder, PrimaryMP, PrimaryLatitude, PrimaryLongitude, SecondaryMP, SecondaryLatitude, SecondaryLongitude, RouteSegmentIndex, ParentAreaID, ParentSubAreaID) VALUES (315, 23, N'Hwy 3 - Grand Forks to 7.5km east of Christina Lake', N'Highway 3, between Riverside Dr (near Grand Forks) and Paulson Cross Country Recsite (near Christina Lake)', 5, 373.44, 49.034505083333329, -118.4351213, 400.88, 49.100723097296758, -118.22212032359344, 15, 44, 15);
INSERT INTO SEG_Segments (ID, RouteID, NameID, Name, SortingOrder, PrimaryMP, PrimaryLatitude, PrimaryLongitude, SecondaryMP, SecondaryLatitude, SecondaryLongitude, RouteSegmentIndex, ParentAreaID, ParentSubAreaID) VALUES (316, 23, N'Hwy 3 - 7.5km east of Christina Lake to Paulson Bridge', N'Highway 3, between 68th Ave (near Christina Lake) and Paulson Cross Country Recsite (15 miles east of Christina Lake)', 6, 400.88, 49.100723097296758, -118.22212032359344, 417.83, 49.189406964405286, -118.1133543845815, 16, 44, 15);
INSERT INTO SEG_Segments (ID, RouteID, NameID, Name, SortingOrder, PrimaryMP, PrimaryLatitude, PrimaryLongitude, SecondaryMP, SecondaryLatitude, SecondaryLongitude, RouteSegmentIndex, ParentAreaID, ParentSubAreaID) VALUES (318, 58, N'Hwy 3A - Castlegar to Brilliant', N'Highway 3A, between Marron Valley Rd (1 mile west of Castlegar) and Brilliant Powerplant Rd (1 mile east of Brilliant)', 10, 78.618, 49.2923361, -117.6371682, 83.51, 49.3289457243301, -117.618445947285, 4, 44, 15);
INSERT INTO SEG_Segments (ID, RouteID, NameID, Name, SortingOrder, PrimaryMP, PrimaryLatitude, PrimaryLongitude, SecondaryMP, SecondaryLatitude, SecondaryLongitude, RouteSegmentIndex, ParentAreaID, ParentSubAreaID) VALUES (319, 59, N'Hwy 3B - Trail to Junction Hwy 3 Meadows Junction', N'Highway 3B, between Highway 22 Jct E (Trail) and Highway 3 Jct E (14 miles east of Fruitvale)', 12, 28.321, 49.096512611514363, -117.7151279922152, 58.815, 49.1878297451331, -117.420594285183, 2, 44, 15);
INSERT INTO SEG_Segments (ID, RouteID, NameID, Name, SortingOrder, PrimaryMP, PrimaryLatitude, PrimaryLongitude, SecondaryMP, SecondaryLatitude, SecondaryLongitude, RouteSegmentIndex, ParentAreaID, ParentSubAreaID) VALUES (320, 1, N'Hwy 1 - Yale to Jackass Mountain', N'Highway 1, between Albert St (near Yale) and Jackass Summit (2 miles east of Jackass Mountain Summit)', 8, 370.1548497, 49.562747014543682, -121.42886747603878, 439.306, 50.0973790770997, -121.555178736433, 31, 50, 6);
INSERT INTO SEG_Segments (ID, RouteID, NameID, Name, SortingOrder, PrimaryMP, PrimaryLatitude, PrimaryLongitude, SecondaryMP, SecondaryLatitude, SecondaryLongitude, RouteSegmentIndex, ParentAreaID, ParentSubAreaID) VALUES (321, 67, N'Hwy 97 - Bear Lake to McLeod Lake', N'Highway 97, between Grizzly Ave (57 miles north of Prince George) and Carp Lake Rd (McLeod Lake)', 9, 786.462, 54.494834199354, -122.683429203772, 850.255, 54.9918265422555, -123.033149634638, 28, 45, 31);
INSERT INTO SEG_Segments (ID, RouteID, NameID, Name, SortingOrder, PrimaryMP, PrimaryLatitude, PrimaryLongitude, SecondaryMP, SecondaryLatitude, SecondaryLongitude, RouteSegmentIndex, ParentAreaID, ParentSubAreaID) VALUES (322, 67, N'Hwy 97 - Salmon Valley to Bear Lake', N'Highway 97, between Mitchell Rd and Grizzly Ave (22 to 57 miles north of Prince George)', 8, 751.137, 54.1977596967289, -122.603470000179, 786.462, 54.494834199354, -122.683429203772, 27, 45, 31);
INSERT INTO SEG_Segments (ID, RouteID, NameID, Name, SortingOrder, PrimaryMP, PrimaryLatitude, PrimaryLongitude, SecondaryMP, SecondaryLatitude, SecondaryLongitude, RouteSegmentIndex, ParentAreaID, ParentSubAreaID) VALUES (326, 1, N'Hwy 1 - 10 km East of Cache Creek to Spences Bridge', N'Highway 1, between Nicoamen River Rd (near Spences Bridge) and Juniper Beach Prov Park Access Rd (8 miles east of Cache Creek)', 1, 489.8, 50.414272729138972, -121.35835844725655, 549.4064145, 50.785548644386672, -121.18800418772068, 34, 48, 24);
INSERT INTO SEG_Segments (ID, RouteID, NameID, Name, SortingOrder, PrimaryMP, PrimaryLatitude, PrimaryLongitude, SecondaryMP, SecondaryLatitude, SecondaryLongitude, RouteSegmentIndex, ParentAreaID, ParentSubAreaID) VALUES (334, 49, N'Hwy 97D - Exit 336 to Junction w/ Hwy 97C (Seg 14)', N'Highway 97D, between the start of Highway 97D (near Logan Lake) and Meadow Creek Rd (22 miles east of Logan Lake)', 18, 0, 50.48844957, -120.8320023, 24.133, 50.48668353, -120.5422604, 1, 42, 21);
INSERT INTO SEG_Segments (ID, RouteID, NameID, Name, SortingOrder, PrimaryMP, PrimaryLatitude, PrimaryLongitude, SecondaryMP, SecondaryLatitude, SecondaryLongitude, RouteSegmentIndex, ParentAreaID, ParentSubAreaID) VALUES (335, 1, N'Hwy 1 - Three Valley Gap to Revelstoke', N'Highway 1, between Rutherford-Three Valley Rest Area and Victoria Rd W (Revelstoke)', 2, 810.433, 50.927680596, -118.47317312, 831.674, 51.00933344, -118.2160008, 41, 47, 13);
INSERT INTO SEG_Segments (ID, RouteID, NameID, Name, SortingOrder, PrimaryMP, PrimaryLatitude, PrimaryLongitude, SecondaryMP, SecondaryLatitude, SecondaryLongitude, RouteSegmentIndex, ParentAreaID, ParentSubAreaID) VALUES (342, 1, N'Hwy 1 - Chemainus to Ladysmith', N'Highway 1 (on Vancouver Island), between Panorama Ridge Rd (near Chemainus) and 1st Ave (near Ladysmith)', 2, 82.118953, 48.932006033468284, -123.75668724568382, 90.7620615, 48.996072115220244, -123.8186180426179, 14, 46, 9);
INSERT INTO SEG_Segments (ID, RouteID, NameID, Name, SortingOrder, PrimaryMP, PrimaryLatitude, PrimaryLongitude, SecondaryMP, SecondaryLatitude, SecondaryLongitude, RouteSegmentIndex, ParentAreaID, ParentSubAreaID) VALUES (343, 1, N'Hwy 1 - Ladysmith to Departure Bay', N'Highway 1 (on Vancouver Island), between Buller St (near Ladysmith) and Departure Bay Ferry Terminal (Nanaimo)', 3, 90.7620615, 48.996072115220244, -123.8186180426179, 115.876, 49.1903176811607, -123.953142077361, 15, 46, 9);
INSERT INTO SEG_Segments (ID, RouteID, NameID, Name, SortingOrder, PrimaryMP, PrimaryLatitude, PrimaryLongitude, SecondaryMP, SecondaryLatitude, SecondaryLongitude, RouteSegmentIndex, ParentAreaID, ParentSubAreaID) VALUES (344, 1, N'Hwy 1 - Yoho West Gate to Field', N'Highway 1, between Beaverfoot Rd (near West Boundary of Yoho National Park) and Field and Visitor Centre Access Rd (near Field)', 11, 1004.8878432, 51.239147274176, -116.65265447408001, 1033.63, 51.3934549061194, -116.49674749253731, 50, 47, 13);
INSERT INTO SEG_Segments (ID, RouteID, NameID, Name, SortingOrder, PrimaryMP, PrimaryLatitude, PrimaryLongitude, SecondaryMP, SecondaryLatitude, SecondaryLongitude, RouteSegmentIndex, ParentAreaID, ParentSubAreaID) VALUES (345, 1, N'Hwy 1 - Field to BC/AB Border', N'Highway 1, between Emerald Lake Rd and BC/Alberta Border (Field)', 12, 1033.63, 51.3934549061194, -116.49674749253731, 1050.506, 51.4533477272985, -116.285947736321, 51, 47, 13);
INSERT INTO SEG_Segments (ID, RouteID, NameID, Name, SortingOrder, PrimaryMP, PrimaryLatitude, PrimaryLongitude, SecondaryMP, SecondaryLatitude, SecondaryLongitude, RouteSegmentIndex, ParentAreaID, ParentSubAreaID) VALUES (348, 12, N'Hwy 17 - Beacon Ave to Swartz Bay', N'Highway 17, between Exit 28: Beacon Ave (Sidney) and Swartz Bay Ferry Terminal (North Saanich)', 24, 26.785, 48.6488505, -123.406931, 32.323, 48.6886053996276, -123.410911500894, 4, 46, 8);
INSERT INTO SEG_Segments (ID, RouteID, NameID, Name, SortingOrder, PrimaryMP, PrimaryLatitude, PrimaryLongitude, SecondaryMP, SecondaryLatitude, SecondaryLongitude, RouteSegmentIndex, ParentAreaID, ParentSubAreaID) VALUES (349, 12, N'Hwy 17 - Mt Newton Cross Rd to Beacon Ave', N'Highway 17, between Exit 21: Mt Newton Cross Rd (Central Saanich) and Exit 28: Beacon Ave (Sidney)', 23, 20.339, 48.59414772, -123.3981143, 26.785, 48.6488505, -123.406931, 3, 46, 8);
INSERT INTO SEG_Segments (ID, RouteID, NameID, Name, SortingOrder, PrimaryMP, PrimaryLatitude, PrimaryLongitude, SecondaryMP, SecondaryLatitude, SecondaryLongitude, RouteSegmentIndex, ParentAreaID, ParentSubAreaID) VALUES (350, 67, N'Hwy 97 - Thorley Road (Hixon) to Stone Creek', N'Highway 97, between Thorley Rd (Hixon) and Chamulak Rd (22 miles south of Pineview)', 9, 650.584, 53.4170410952635, -122.582282109781, 675.243, 53.6179798011705, -122.664856182614, 24, 48, 26);
INSERT INTO SEG_Segments (ID, RouteID, NameID, Name, SortingOrder, PrimaryMP, PrimaryLatitude, PrimaryLongitude, SecondaryMP, SecondaryLatitude, SecondaryLongitude, RouteSegmentIndex, ParentAreaID, ParentSubAreaID) VALUES (351, 67, N'Hwy 97 - Olson to Thorley Road (Hixon)', N'Highway 97, between Olson Rd and Thorley Rd (Hixon)', 8, 625.292, 53.2225323232903, -122.430652025848, 650.584, 53.4170410952635, -122.582282109781, 23, 48, 26);
INSERT INTO SEG_Segments (ID, RouteID, NameID, Name, SortingOrder, PrimaryMP, PrimaryLatitude, PrimaryLongitude, SecondaryMP, SecondaryLatitude, SecondaryLongitude, RouteSegmentIndex, ParentAreaID, ParentSubAreaID) VALUES (352, 108, N'Nazko Rd/Highway 59 - Quesnel to Bluestone', N'Nazko Rd, between the start of Nazko Rd and Yetta Rd (Nazko)', 11, 0, 53.025847666662578, -122.59885998041214, 19.6294587, 52.972301269305838, -122.81536690062856, 1, 48, 26);
INSERT INTO SEG_Segments (ID, RouteID, NameID, Name, SortingOrder, PrimaryMP, PrimaryLatitude, PrimaryLongitude, SecondaryMP, SecondaryLatitude, SecondaryLongitude, RouteSegmentIndex, ParentAreaID, ParentSubAreaID) VALUES (353, 108, N'Nazko Rd/Highway 59 - Bluestone to Nazko', N'Nazko Rd, between Bluestone Rd and Baezaeko Rd (Nazko)', 12, 19.6294587, 52.972301269305838, -122.81536690062856, 86.8920223, 52.929638335305, -123.5634108523528, 2, 48, 26);
INSERT INTO SEG_Segments (ID, RouteID, NameID, Name, SortingOrder, PrimaryMP, PrimaryLatitude, PrimaryLongitude, SecondaryMP, SecondaryLatitude, SecondaryLongitude, RouteSegmentIndex, ParentAreaID, ParentSubAreaID) VALUES (355, 67, N'Hwy 97 - Mountain House Road to Beaver Lake Road (McLeese Lake)', N'Highway 97, between Kragbak Rd and Beaver Lake Rd (Wildwood)', 3, 493.672, 52.2760484946616, -122.146847701008, 515.7144, 52.4259868260191, -122.299355494348, 18, 48, 26);
INSERT INTO SEG_Segments (ID, RouteID, NameID, Name, SortingOrder, PrimaryMP, PrimaryLatitude, PrimaryLongitude, SecondaryMP, SecondaryLatitude, SecondaryLongitude, RouteSegmentIndex, ParentAreaID, ParentSubAreaID) VALUES (356, 67, N'Hwy 97 - Beaver Lake Road (McLeese Lake) to Fridlington Road', N'Highway 97, between Beaver Lake Rd (30 miles north of Wildwood) and Lavally Rd (47 miles south of Quesnel)', 4, 515.7144, 52.4259868260191, -122.299355494348, 537.646, 52.5592975708128, -122.462314800007, 19, 48, 26);
INSERT INTO SEG_Segments (ID, RouteID, NameID, Name, SortingOrder, PrimaryMP, PrimaryLatitude, PrimaryLongitude, SecondaryMP, SecondaryLatitude, SecondaryLongitude, RouteSegmentIndex, ParentAreaID, ParentSubAreaID) VALUES (357, 67, N'Hwy 97 - Edwards Road (Kersley) to Quesnel', N'Highway 97, between Edwards Rd and North Star Rd (Quesnel)', 6, 568.833, 52.8311588972191, -122.418637561214, 588.345, 52.9862272018426, -122.471288680388, 21, 48, 26);
INSERT INTO SEG_Segments (ID, RouteID, NameID, Name, SortingOrder, PrimaryMP, PrimaryLatitude, PrimaryLongitude, SecondaryMP, SecondaryLatitude, SecondaryLongitude, RouteSegmentIndex, ParentAreaID, ParentSubAreaID) VALUES (358, 11, N'Hwy 16 - Top of Priestly Hill to Fraser Lake', N'Highway 16, between SA24/23 Maintenance Boundary (Priestly Hill) and Chowsunket St (Fraser Lake)', 1, 831.149, 54.12256104, -125.350475, 867.868, 54.05516939, -124.849547, 18, 45, 33);
INSERT INTO SEG_Segments (ID, RouteID, NameID, Name, SortingOrder, PrimaryMP, PrimaryLatitude, PrimaryLongitude, SecondaryMP, SecondaryLatitude, SecondaryLongitude, RouteSegmentIndex, ParentAreaID, ParentSubAreaID) VALUES (359, 11, N'Hwy 16 - Fraser Lake to Fort Fraser', N'Highway 16, between Chowsunket St (Fraser Lake) and Corporation St (Fort Fraser)', 2, 867.868, 54.05516939, -124.849547, 888.375, 54.0610199, -124.5526489, 19, 45, 33);
INSERT INTO SEG_Segments (ID, RouteID, NameID, Name, SortingOrder, PrimaryMP, PrimaryLatitude, PrimaryLongitude, SecondaryMP, SecondaryLatitude, SecondaryLongitude, RouteSegmentIndex, ParentAreaID, ParentSubAreaID) VALUES (360, 11, N'Hwy 16 - Fort Fraser to Vanderhoof', N'Highway 16, between Corporation St (Fort Fraser) and Burrard Ave (Vanderhoof)', 3, 888.375, 54.0610199, -124.5526489, 926.191, 54.01390464, -124.0090902, 20, 45, 33);
INSERT INTO SEG_Segments (ID, RouteID, NameID, Name, SortingOrder, PrimaryMP, PrimaryLatitude, PrimaryLongitude, SecondaryMP, SecondaryLatitude, SecondaryLongitude, RouteSegmentIndex, ParentAreaID, ParentSubAreaID) VALUES (361, 11, N'Hwy 16 - Vanderhoof to Bednesti', N'Highway 16, between Burrard Ave (Vanderhoof) and Lloyd Dr (1 mile west of Bednesti Norman)', 4, 926.191, 54.01390464, -124.0090902, 970.831, 53.8873564096738, -123.436412737966, 21, 45, 33);
INSERT INTO SEG_Segments (ID, RouteID, NameID, Name, SortingOrder, PrimaryMP, PrimaryLatitude, PrimaryLongitude, SecondaryMP, SecondaryLatitude, SecondaryLongitude, RouteSegmentIndex, ParentAreaID, ParentSubAreaID) VALUES (362, 1, N'Hwy 1 - Bench Rd to Allenby Rd', N'Highway 1 (on Vancouver Island), between Whippletree Frtg (3 miles north of Cobble Hill) and Allenby Rd (1 mile south of Duncan)', 10, 57.3105144, 48.743226587149394, -123.65959165509412, 61.016, 48.76523949, -123.6958645, 10, 46, 8);
INSERT INTO SEG_Segments (ID, RouteID, NameID, Name, SortingOrder, PrimaryMP, PrimaryLatitude, PrimaryLongitude, SecondaryMP, SecondaryLatitude, SecondaryLongitude, RouteSegmentIndex, ParentAreaID, ParentSubAreaID) VALUES (363, 1, N'Hwy 1 - Drinkwater Rd to Hwy 1A', N'Highway 1 (on Vancouver Island), between Drinkwater Rd (near Duncan) and Mt Sicker Rd (2 miles south of Chemainus)', 12, 65.753, 48.80313192, -123.716389, 74.0604722, 48.874443862348208, -123.70722502734166, 12, 46, 8);
INSERT INTO SEG_Segments (ID, RouteID, NameID, Name, SortingOrder, PrimaryMP, PrimaryLatitude, PrimaryLongitude, SecondaryMP, SecondaryLatitude, SecondaryLongitude, RouteSegmentIndex, ParentAreaID, ParentSubAreaID) VALUES (364, 1, N'Hwy 1 - Allenby Rd to Drinkwater Rd', N'Highway 1 (on Vancouver Island), between Allenby Rd and Drinkwater Rd (Duncan)', 11, 61.016, 48.76523949, -123.6958645, 65.753, 48.80313192, -123.716389, 11, 46, 8);
INSERT INTO SEG_Segments (ID, RouteID, NameID, Name, SortingOrder, PrimaryMP, PrimaryLatitude, PrimaryLongitude, SecondaryMP, SecondaryLatitude, SecondaryLongitude, RouteSegmentIndex, ParentAreaID, ParentSubAreaID) VALUES (367, 9, N'Hwy 14 - Jordan River to Kemp Lake Rd', N'Highway 14, between Petrel Dr (1 mile west of Jordan River) and Carpenter Rd (1 mile west of Sooke)', 14, 38.5833663, 48.432157888020242, -124.07014572688689, 66.3028336, 48.3661812263989, -123.79460750176551, 2, 46, 8);
INSERT INTO SEG_Segments (ID, RouteID, NameID, Name, SortingOrder, PrimaryMP, PrimaryLatitude, PrimaryLongitude, SecondaryMP, SecondaryLatitude, SecondaryLongitude, RouteSegmentIndex, ParentAreaID, ParentSubAreaID) VALUES (368, 9, N'Hwy 14 - Kemp Lake Rd to Otter Point Rd', N'Highway 14, between Kemp Lake Rd and Townsend Rd (Sooke)', 15, 66.3028336, 48.3661812263989, -123.79460750176551, 72.8761171, 48.377338618477744, -123.7238085515735, 3, 46, 8);
INSERT INTO SEG_Segments (ID, RouteID, NameID, Name, SortingOrder, PrimaryMP, PrimaryLatitude, PrimaryLongitude, SecondaryMP, SecondaryLatitude, SecondaryLongitude, RouteSegmentIndex, ParentAreaID, ParentSubAreaID) VALUES (369, 23, N'Hwy 3 - Hedley to Keremeos', N'Highway 3, between Snazaist St (Hedley) and Innis Pl (near Keremeos)', 5, 171.2737, 49.3560308445, -120.078434725, 200.8216299, 49.206840057043891, -119.81822567325817, 7, 41, 18);
INSERT INTO SEG_Segments (ID, RouteID, NameID, Name, SortingOrder, PrimaryMP, PrimaryLatitude, PrimaryLongitude, SecondaryMP, SecondaryLatitude, SecondaryLongitude, RouteSegmentIndex, ParentAreaID, ParentSubAreaID) VALUES (371, 58, N'Hwy 3A - Green Mountain Rd to KM 22.5', N'Highway 3A, between Green Mountain Rd and Bobcat Rd (Keremeos)', 10, 13.3495569, 49.314079229154835, -119.80084117702765, 22.5016714, 49.352812623503475, -119.70554031525572, 2, 41, 18);
INSERT INTO SEG_Segments (ID, RouteID, NameID, Name, SortingOrder, PrimaryMP, PrimaryLatitude, PrimaryLongitude, SecondaryMP, SecondaryLatitude, SecondaryLongitude, RouteSegmentIndex, ParentAreaID, ParentSubAreaID) VALUES (372, 58, N'Hwy 3A - Keremeos to Green Mountain Rd.', N'Highway 3A, between Keremeos and Green Mountain Rd (Keremeos)', 9, 0, 49.20689062, -119.8182618, 13.3495569, 49.314079229154835, -119.80084117702765, 1, 41, 18);
INSERT INTO SEG_Segments (ID, RouteID, NameID, Name, SortingOrder, PrimaryMP, PrimaryLatitude, PrimaryLongitude, SecondaryMP, SecondaryLatitude, SecondaryLongitude, RouteSegmentIndex, ParentAreaID, ParentSubAreaID) VALUES (373, 58, N'Hwy 3A - KM 22.5 to Kaleden Junction', N'Highway 3A, between Resolute Rd and Junction Hwy 3 (Castlegar) (Keremeos)', 11, 22.5016714, 49.352812623503475, -119.70554031525572, 31.5081, 49.3834030925453, -119.610766901349, 3, 41, 18);
INSERT INTO SEG_Segments (ID, RouteID, NameID, Name, SortingOrder, PrimaryMP, PrimaryLatitude, PrimaryLongitude, SecondaryMP, SecondaryLatitude, SecondaryLongitude, RouteSegmentIndex, ParentAreaID, ParentSubAreaID) VALUES (374, 67, N'Hwy 97 - Junction 3A to Penticton', N'Highway 97, between White Lake Rd (5 miles north of Okanagan Falls) and Riverside Dr (Penticton)', 17, 51.407, 49.382450502100937, -119.61129793569005, 66.059, 49.4956431965314, -119.616268203729, 3, 41, 18);
INSERT INTO SEG_Segments (ID, RouteID, NameID, Name, SortingOrder, PrimaryMP, PrimaryLatitude, PrimaryLongitude, SecondaryMP, SecondaryLatitude, SecondaryLongitude, RouteSegmentIndex, ParentAreaID, ParentSubAreaID) VALUES (375, 67, N'Hwy 97 - Taylor to Fort St. John', N'Highway 97, between Peace River Bridge (Taylor) and 100 St (near Fort St John)', 3, 1167.795, 56.1374575843076, -120.67222891187, 1185.9895706, 56.236991324896024, -120.84737081588988, 37, 51, 29);
INSERT INTO SEG_Segments (ID, RouteID, NameID, Name, SortingOrder, PrimaryMP, PrimaryLatitude, PrimaryLongitude, SecondaryMP, SecondaryLatitude, SecondaryLongitude, RouteSegmentIndex, ParentAreaID, ParentSubAreaID) VALUES (376, 67, N'Hwy 97 - Fort St. John to Mile 54', N'Highway 97, between 96A St and Ptarmigan Rd (Fort St John)', 4, 1185.9895706, 56.236991324896024, -120.84737081588988, 1200, 56.316497694056579, -121.01920180440939, 38, 51, 29);
INSERT INTO SEG_Segments (ID, RouteID, NameID, Name, SortingOrder, PrimaryMP, PrimaryLatitude, PrimaryLongitude, SecondaryMP, SecondaryLatitude, SecondaryLongitude, RouteSegmentIndex, ParentAreaID, ParentSubAreaID) VALUES (378, 67, N'Hwy 97 - Oliver to Hwy 3A', N'Highway 97, between Fairview Rd (Oliver) and Junction Hwy 3A (Kaleden Junction) (5 miles north of Okanagan Falls)', 16, 24.442, 49.1823340915768, -119.550438010674, 51.407, 49.382450502100937, -119.61129793569005, 2, 41, 18);
INSERT INTO SEG_Segments (ID, RouteID, NameID, Name, SortingOrder, PrimaryMP, PrimaryLatitude, PrimaryLongitude, SecondaryMP, SecondaryLatitude, SecondaryLongitude, RouteSegmentIndex, ParentAreaID, ParentSubAreaID) VALUES (379, 67, N'Hwy 97 - US Border to Oliver', N'Highway 97, between the start of Highway 97 (BC and WA Border, South of Osoyoos) and Fairview Rd (Oliver)', 15, 0, 49.0001152677019, -119.46176544412452, 24.442, 49.1823340915768, -119.550438010674, 1, 41, 18);
INSERT INTO SEG_Segments (ID, RouteID, NameID, Name, SortingOrder, PrimaryMP, PrimaryLatitude, PrimaryLongitude, SecondaryMP, SecondaryLatitude, SecondaryLongitude, RouteSegmentIndex, ParentAreaID, ParentSubAreaID) VALUES (380, 67, N'Hwy 97 - Fridlington Road to Edwards Road (Kersley)', N'Highway 97, between Lavally Rd and Edwards Rd (Quesnel)', 5, 537.646, 52.5592975708128, -122.462314800007, 568.833, 52.8311588972191, -122.418637561214, 20, 48, 26);
INSERT INTO SEG_Segments (ID, RouteID, NameID, Name, SortingOrder, PrimaryMP, PrimaryLatitude, PrimaryLongitude, SecondaryMP, SecondaryLatitude, SecondaryLongitude, RouteSegmentIndex, ParentAreaID, ParentSubAreaID) VALUES (381, 1, N'Hwy 1 - Hwy 1A to Panorama Ridge Rd', N'Highway 1 (on Vancouver Island), between Mt Sicker Rd and Radford Rd (Chemainus)', 1, 74.1604722, 48.875227525700552, -123.70657415235456, 82.118953, 48.932006033468284, -123.75668724568382, 13, 46, 9);
INSERT INTO SEG_Segments (ID, RouteID, NameID, Name, SortingOrder, PrimaryMP, PrimaryLatitude, PrimaryLongitude, SecondaryMP, SecondaryLatitude, SecondaryLongitude, RouteSegmentIndex, ParentAreaID, ParentSubAreaID) VALUES (385, 53, N'Hwy 19A - Cook Creek Rd to Junction Hwy 19 Parksville', N'Highway 19A, between Mary Ellen Dr (near Parksville) and Cook Creek Rd (12 miles south of Buckley Bay Ferry Terminal)', 13, 10.9, 49.2972317357629, -124.256539028081, 54.7348511, 49.44733845294531, -124.755622937735, 2, 46, 9);
INSERT INTO SEG_Segments (ID, RouteID, NameID, Name, SortingOrder, PrimaryMP, PrimaryLatitude, PrimaryLongitude, SecondaryMP, SecondaryLatitude, SecondaryLongitude, RouteSegmentIndex, ParentAreaID, ParentSubAreaID) VALUES (404, 23, N'Hwy 3 - Sunday Summit to Mine Hill Brake Check', N'Highway 3, between Garret Rd and Kennedy Lake Rd (Princeton)', 1, 99.4499335, 49.238868285773918, -120.56189449961126, 111.634, 49.315112039618363, -120.57324776043215, 3, 41, 18);
INSERT INTO SEG_Segments (ID, RouteID, NameID, Name, SortingOrder, PrimaryMP, PrimaryLatitude, PrimaryLongitude, SecondaryMP, SecondaryLatitude, SecondaryLongitude, RouteSegmentIndex, ParentAreaID, ParentSubAreaID) VALUES (405, 17, N'Hwy 22 - Paterson Border Xing to Rossland', N'Highway 22, between US Border (BC and WA Border, South of Rossland) and Columbia Ave (near Rossland)', 13, 0, 49.0002906, -117.8315994, 10.38, 49.07876433768638, -117.81744255651437, 1, 44, 15);
INSERT INTO SEG_Segments (ID, RouteID, NameID, Name, SortingOrder, PrimaryMP, PrimaryLatitude, PrimaryLongitude, SecondaryMP, SecondaryLatitude, SecondaryLongitude, RouteSegmentIndex, ParentAreaID, ParentSubAreaID) VALUES (406, 17, N'Hwy 22 - Rossland to Trail', N'Highway 22, between Junction Highway 3B (Rossland) (near Rossland) and Warfield Hill Rd (near Trail)', 14, 10.38, 49.07876433768638, -117.81744255651437, 20.24, 49.096928380695843, -117.71563191064696, 2, 44, 15);
INSERT INTO SEG_Segments (ID, RouteID, NameID, Name, SortingOrder, PrimaryMP, PrimaryLatitude, PrimaryLongitude, SecondaryMP, SecondaryLatitude, SecondaryLongitude, RouteSegmentIndex, ParentAreaID, ParentSubAreaID) VALUES (408, 18, N'Hwy 22A - Waneta Border Xing to Jct Hwy 3B Waneta', N'Highway 22A, between US Border (BC and WA Border, South of Trail) and Highway 3B (Trail)', 16, 0, 49.00016856, -117.6260126, 11.252, 49.0878226205573, -117.626592228925, 1, 44, 15);
INSERT INTO SEG_Segments (ID, RouteID, NameID, Name, SortingOrder, PrimaryMP, PrimaryLatitude, PrimaryLongitude, SecondaryMP, SecondaryLatitude, SecondaryLongitude, RouteSegmentIndex, ParentAreaID, ParentSubAreaID) VALUES (410, 23, N'Hwy 3 - Greenwood to Eholt Summit', N'Highway 3, between Gowrie St (1 mile east of Greenwood) and Wilgress South Rd (2 miles west of Eholt Summit)', 3, 334.66, 49.117039174615385, -118.6723732076923, 347.4, 49.14542697694268, -118.53437070389369, 13, 44, 15);
INSERT INTO SEG_Segments (ID, RouteID, NameID, Name, SortingOrder, PrimaryMP, PrimaryLatitude, PrimaryLongitude, SecondaryMP, SecondaryLatitude, SecondaryLongitude, RouteSegmentIndex, ParentAreaID, ParentSubAreaID) VALUES (411, 23, N'Hwy 3 - Junction Hwy 33 Rock Creek to Greenwoo', N'Highway 3, between Junction Hwy 33 (near Rock Creek) and Boundary Cr Rd (1 mile east of Greenwood)', 2, 298.6, 49.057191195714282, -118.99981373571428, 334.66, 49.117039174615385, -118.6723732076923, 12, 44, 15);
INSERT INTO SEG_Segments (ID, RouteID, NameID, Name, SortingOrder, PrimaryMP, PrimaryLatitude, PrimaryLongitude, SecondaryMP, SecondaryLatitude, SecondaryLongitude, RouteSegmentIndex, ParentAreaID, ParentSubAreaID) VALUES (412, 23, N'Hwy 3 - Paulson Bridge to Hwy 3B Junction', N'Highway 3, between East Lake Dr (15 miles east of Christina Lake) and Mannix Rd (24 miles west of Castlegar)', 7, 417.83, 49.189406964405286, -118.1133543845815, 440.68, 49.261403222829, -117.9413850985008, 17, 44, 15);
INSERT INTO SEG_Segments (ID, RouteID, NameID, Name, SortingOrder, PrimaryMP, PrimaryLatitude, PrimaryLongitude, SecondaryMP, SecondaryLatitude, SecondaryLongitude, RouteSegmentIndex, ParentAreaID, ParentSubAreaID) VALUES (413, 23, N'Hwy 3 - Hwy 3B Junction to Castlegar', N'Highway 3, between Highway 3B and Columbia Ave (Castlegar)', 8, 440.68, 49.261403222829, -117.9413850985008, 466.6, 49.298691294736841, -117.65603086842106, 18, 44, 15);
INSERT INTO SEG_Segments (ID, RouteID, NameID, Name, SortingOrder, PrimaryMP, PrimaryLatitude, PrimaryLongitude, SecondaryMP, SecondaryLatitude, SecondaryLongitude, RouteSegmentIndex, ParentAreaID, ParentSubAreaID) VALUES (414, 23, N'Hwy 3 -  Castlegar to Jct Hwy 3B Meadows', N'Highway 3, between Junction Hwy 22 (near Castlegar) and Meadows Rd (10 miles west of Salmo)', 9, 466.6, 49.298691294736841, -117.65603086842106, 494.37, 49.187849950778116, -117.42045750572673, 19, 44, 15);
INSERT INTO SEG_Segments (ID, RouteID, NameID, Name, SortingOrder, PrimaryMP, PrimaryLatitude, PrimaryLongitude, SecondaryMP, SecondaryLatitude, SecondaryLongitude, RouteSegmentIndex, ParentAreaID, ParentSubAreaID) VALUES (415, 27, N'Hwy 33 - Junction Hwy 3 Rock Creek to Westbridge', N'Highway 33, between Junction Hwy 3 (Rock Creek) and Wild Horse Creek Rd (near Westbridge)', 19, 0, 49.05730326, -119.0000272, 13.36, 49.170121476428569, -118.97506561428571, 1, 44, 15);
INSERT INTO SEG_Segments (ID, RouteID, NameID, Name, SortingOrder, PrimaryMP, PrimaryLatitude, PrimaryLongitude, SecondaryMP, SecondaryLatitude, SecondaryLongitude, RouteSegmentIndex, ParentAreaID, ParentSubAreaID) VALUES (416, 27, N'Hwy 33 -  Beaverdell to McCulloch Road', N'Highway 33, between Beaverdell Station Rd (near Beaverdell) and McCulloch Rd (30 miles south of Kelowna)', 18, 47.93, 49.434404541282049, -119.08842729487179, 89.55, 49.757087812307695, -119.12628716923076, 3, 44, 15);
INSERT INTO SEG_Segments (ID, RouteID, NameID, Name, SortingOrder, PrimaryMP, PrimaryLatitude, PrimaryLongitude, SecondaryMP, SecondaryLatitude, SecondaryLongitude, RouteSegmentIndex, ParentAreaID, ParentSubAreaID) VALUES (417, 27, N'Hwy 33 - Westbridge to Beaverdell', N'Highway 33, between Christian Valley Rd (near Westbridge) and Carmi Station (near Beaverdell)', 17, 13.36, 49.170121476428569, -118.97506561428571, 47.93, 49.434404541282049, -119.08842729487179, 2, 44, 15);
INSERT INTO SEG_Segments (ID, RouteID, NameID, Name, SortingOrder, PrimaryMP, PrimaryLatitude, PrimaryLongitude, SecondaryMP, SecondaryLatitude, SecondaryLongitude, RouteSegmentIndex, ParentAreaID, ParentSubAreaID) VALUES (418, 31, N'Hwy 395 -  Cascade Border Xing to Christina Lake', N'Highway 395, between US Border (British Columbia and USA Border) and Highway 3 (Christina Lake)', 21, 0, 49.00024702, -118.2239284, 4.044, 49.01969556, -118.2219489, 1, 44, 15);
INSERT INTO SEG_Segments (ID, RouteID, NameID, Name, SortingOrder, PrimaryMP, PrimaryLatitude, PrimaryLongitude, SecondaryMP, SecondaryLatitude, SecondaryLongitude, RouteSegmentIndex, ParentAreaID, ParentSubAreaID) VALUES (419, 121, N'Ocean View Dr - Daajing Giids to Skidegate Landing', N'Ocean View Dr, between the start of Ocean View Dr (Skidegate) and Queen Charlotte Mainline (Queen Charlotte)', 7, 0, 53.2472094, -132.0095336, 7.501, 53.2537773966861, -132.110017104824, 1, 49, 40);
INSERT INTO SEG_Segments (ID, RouteID, NameID, Name, SortingOrder, PrimaryMP, PrimaryLatitude, PrimaryLongitude, SecondaryMP, SecondaryLatitude, SecondaryLongitude, RouteSegmentIndex, ParentAreaID, ParentSubAreaID) VALUES (420, 59, N'Hwy 3B - Rossland to Hwy 3 Junction  at Nancy Greene', N'Highway 3B, between Highway 22 Jct W (Rossland) and Highway 3 Jct W (8 miles north of Nancy Greene Summit)', 11, 0, 49.07825476, -117.8157837, 28.156, 49.261355692536, -117.941425100287, 1, 44, 15);
INSERT INTO SEG_Segments (ID, RouteID, NameID, Name, SortingOrder, PrimaryMP, PrimaryLatitude, PrimaryLongitude, SecondaryMP, SecondaryLatitude, SecondaryLongitude, RouteSegmentIndex, ParentAreaID, ParentSubAreaID) VALUES (421, 33, N'Hwy 41 - Carson border Xing to Junction with Hwy 3', N'Highway 41, between US Border (British Columbia and USA Border) and Junction Hwy 3 (Grand Forks)', 20, 0, 48.999871132012565, -118.5030762569814, 1.322, 49.011138, -118.5046185, 1, 44, 15);
INSERT INTO SEG_Segments (ID, RouteID, NameID, Name, SortingOrder, PrimaryMP, PrimaryLatitude, PrimaryLongitude, SecondaryMP, SecondaryLatitude, SecondaryLongitude, RouteSegmentIndex, ParentAreaID, ParentSubAreaID) VALUES (422, 16, N'Hwy 21 - Rykerts Border Xing to Creston', N'Highway 21, between Porthill Rd (British Columbia and Idaho Border) and Junction Hwy 3 (3 miles north of Creston)', 20, 0, 48.9999379356112, -116.499568958435, 14.292, 49.1170489409857, -116.544435331428, 1, 44, 16);
INSERT INTO SEG_Segments (ID, RouteID, NameID, Name, SortingOrder, PrimaryMP, PrimaryLatitude, PrimaryLongitude, SecondaryMP, SecondaryLatitude, SecondaryLongitude, RouteSegmentIndex, ParentAreaID, ParentSubAreaID) VALUES (423, 55, N'Hwy 23 - Nakusp to Burnham Road', N'Highway 23, between Junction Hwy 6 and Butnham Rd (Nakusp)', 22, 0, 50.2491217, -117.8101834, 34.349, 50.52314648, -117.9009264, 1, 44, 16);
INSERT INTO SEG_Segments (ID, RouteID, NameID, Name, SortingOrder, PrimaryMP, PrimaryLatitude, PrimaryLongitude, SecondaryMP, SecondaryLatitude, SecondaryLongitude, RouteSegmentIndex, ParentAreaID, ParentSubAreaID) VALUES (424, 55, N'Hwy 23 - Burnham Road to Galena Bay', N'Highway 23, between Butnham Rd and Shelter Bay Provincial Pk (Nakusp)', 21, 34.349, 50.52314648, -117.9009264, 46.76, 50.6269466, -117.8672692, 2, 44, 16);
INSERT INTO SEG_Segments (ID, RouteID, NameID, Name, SortingOrder, PrimaryMP, PrimaryLatitude, PrimaryLongitude, SecondaryMP, SecondaryLatitude, SecondaryLongitude, RouteSegmentIndex, ParentAreaID, ParentSubAreaID) VALUES (425, 23, N'Hwy 3 - Jct Hwy 3B Meadows to Salmo', N'Highway 3, between Junction Hwy 3B and 9th St (Salmo)', 1, 494.37, 49.187849950778116, -117.42045750572673, 504.7225238, 49.191546518145408, -117.28571726024272, 20, 44, 16);
INSERT INTO SEG_Segments (ID, RouteID, NameID, Name, SortingOrder, PrimaryMP, PrimaryLatitude, PrimaryLongitude, SecondaryMP, SecondaryLatitude, SecondaryLongitude, RouteSegmentIndex, ParentAreaID, ParentSubAreaID) VALUES (426, 23, N'Hwy 3 - Jct Hwy 6 at Salmo to Tailings Road', N'Highway 3, between Junction Hwy 6NS (Salmo) and Junction Hwy 6NS (Salmo)', 2, 504.7225238, 49.191546518145408, -117.28571726024272, 518.8330897, 49.075479363049318, -117.2730108932975, 21, 44, 16);
INSERT INTO SEG_Segments (ID, RouteID, NameID, Name, SortingOrder, PrimaryMP, PrimaryLatitude, PrimaryLongitude, SecondaryMP, SecondaryLatitude, SecondaryLongitude, RouteSegmentIndex, ParentAreaID, ParentSubAreaID) VALUES (427, 23, N'Hwy 3 - Tailings Road to KP West Avalanche Gate', N'Highway 3, between Tailings Rd (14 miles east of Salmo) and East Avalanche Gate (10 miles west of Kootenay Pass)', 3, 518.8330897, 49.075479363049318, -117.2730108932975, 531.349, 49.02656861491311, -117.15154757747949, 22, 44, 16);
INSERT INTO SEG_Segments (ID, RouteID, NameID, Name, SortingOrder, PrimaryMP, PrimaryLatitude, PrimaryLongitude, SecondaryMP, SecondaryLatitude, SecondaryLongitude, RouteSegmentIndex, ParentAreaID, ParentSubAreaID) VALUES (430, 23, N'Hwy 3 - Creston to Goatfell', N'Highway 3, between Pine St (near Creston) and Goatfell (5 miles west of Curzon Junction)', 6, 587.7743846, 49.095693014253804, -116.51419971272878, 620.33, 49.1092173948718, -116.16914843589744, 25, 44, 16);
INSERT INTO SEG_Segments (ID, RouteID, NameID, Name, SortingOrder, PrimaryMP, PrimaryLatitude, PrimaryLongitude, SecondaryMP, SecondaryLatitude, SecondaryLongitude, RouteSegmentIndex, ParentAreaID, ParentSubAreaID) VALUES (431, 23, N'Hwy 3 - Goatfel to Moyie', N'Highway 3, between Wright Rd (5 miles west of Curzon Junction) and Tavistock St (near Moyie)', 1, 620.33, 49.1092173948718, -116.16914843589744, 661.4816912, 49.28513689955691, -115.83180954044799, 26, 47, 12);
INSERT INTO SEG_Segments (ID, RouteID, NameID, Name, SortingOrder, PrimaryMP, PrimaryLatitude, PrimaryLongitude, SecondaryMP, SecondaryLatitude, SecondaryLongitude, RouteSegmentIndex, ParentAreaID, ParentSubAreaID) VALUES (432, 25, N'Hwy 31 - Kaslo to Meadow Creek', N'Highway 31, between Kaslo (near Kaslo) and Block Rd (Meadow Creek)', 24, 35.8959193, 49.912734608124481, -116.90978833848654, 75.898, 50.23928039, -116.9712096, 2, 44, 16);
INSERT INTO SEG_Segments (ID, RouteID, NameID, Name, SortingOrder, PrimaryMP, PrimaryLatitude, PrimaryLongitude, SecondaryMP, SecondaryLatitude, SecondaryLongitude, RouteSegmentIndex, ParentAreaID, ParentSubAreaID) VALUES (433, 25, N'Hwy 31 - Balfour to Kaslo', N'Highway 31, between Balfour (Balfour) and 7th St (near Kaslo)', 23, 0, 49.62568479, -116.9594817, 35.8959193, 49.912734608124481, -116.90978833848654, 1, 44, 16);
INSERT INTO SEG_Segments (ID, RouteID, NameID, Name, SortingOrder, PrimaryMP, PrimaryLatitude, PrimaryLongitude, SecondaryMP, SecondaryLatitude, SecondaryLongitude, RouteSegmentIndex, ParentAreaID, ParentSubAreaID) VALUES (434, 25, N'Hwy 31 - Meadow Creek to Gerrard Bridge', N'Highway 31, between Block Rd (Meadow Creek) and Goat Range Provincial Pk (25 miles south of Trout Lake)', 25, 75.898, 50.23928039, -116.9712096, 117.273, 50.51041505, -117.2759385, 3, 44, 16);
INSERT INTO SEG_Segments (ID, RouteID, NameID, Name, SortingOrder, PrimaryMP, PrimaryLatitude, PrimaryLongitude, SecondaryMP, SecondaryLatitude, SecondaryLongitude, RouteSegmentIndex, ParentAreaID, ParentSubAreaID) VALUES (435, 25, N'Hwy 31 - Gerrard Bridge to Jct Hwy 23 Galena Bay', N'Highway 31, between Goat Range Provincial Pk and Junction Hwy 23 (Trout Lake)', 26, 117.273, 50.51041505, -117.2759385, 174.735, 50.61123702, -117.86654, 4, 44, 16);
INSERT INTO SEG_Segments (ID, RouteID, NameID, Name, SortingOrder, PrimaryMP, PrimaryLatitude, PrimaryLongitude, SecondaryMP, SecondaryLatitude, SecondaryLongitude, RouteSegmentIndex, ParentAreaID, ParentSubAreaID) VALUES (436, 26, N'Hwy 31A - Jct Hwy 6 New Denver to Kaslo Creek South Fork Road (Retallack)', N'Highway 31A, between Junction Hwy 6NS and Kaslo Creek South Fork Rd (New Denver)', 27, 0, 49.99145619, -117.3721429, 19.55, 50.04242697311475, -117.1496732295082, 1, 44, 16);
INSERT INTO SEG_Segments (ID, RouteID, NameID, Name, SortingOrder, PrimaryMP, PrimaryLatitude, PrimaryLongitude, SecondaryMP, SecondaryLatitude, SecondaryLongitude, RouteSegmentIndex, ParentAreaID, ParentSubAreaID) VALUES (437, 26, N'Hwy 31A - Kaslo Creek South Fork Road (Retallack) to Jct Hwy 31 Kaslo', N'Highway 31A, between Retallak (19 miles east of New Denver) and Junction Hwy 31 (Kaslo)', 28, 19.55, 50.04242697311475, -117.1496732295082, 46.599, 49.9125477, -116.9096871, 2, 44, 16);
INSERT INTO SEG_Segments (ID, RouteID, NameID, Name, SortingOrder, PrimaryMP, PrimaryLatitude, PrimaryLongitude, SecondaryMP, SecondaryLatitude, SecondaryLongitude, RouteSegmentIndex, ParentAreaID, ParentSubAreaID) VALUES (438, 58, N'Hwy 3A - Brilliant to Nelson', N'Highway 3A, between Brilliant Powerplant Rd (1 mile east of Brilliant) and Baker St (near Nelson)', 7, 83.51, 49.3289457243301, -117.618445947285, 119.7048855, 49.4872291973802, -117.29520326063238, 5, 44, 16);
INSERT INTO SEG_Segments (ID, RouteID, NameID, Name, SortingOrder, PrimaryMP, PrimaryLatitude, PrimaryLongitude, SecondaryMP, SecondaryLatitude, SecondaryLongitude, RouteSegmentIndex, ParentAreaID, ParentSubAreaID) VALUES (439, 58, N'Hwy 3A - Nelson to Balfour Ferry', N'Highway 3A, between Junction Hwy 6NS (near Nelson) and Kootenay Bay Ferry (Balfour)', 8, 119.7048855, 49.4872291973802, -117.29520326063238, 154.229, 49.62421849, -116.959364, 6, 44, 16);
INSERT INTO SEG_Segments (ID, RouteID, NameID, Name, SortingOrder, PrimaryMP, PrimaryLatitude, PrimaryLongitude, SecondaryMP, SecondaryLatitude, SecondaryLongitude, RouteSegmentIndex, ParentAreaID, ParentSubAreaID) VALUES (440, 120, N'Hwy 6 EW - Monashee Summit to Needles Ferry', N'Highway 6 EW, between Monashee Summit (Monashee Summit) and Needles Ferry (Needles)', 10, 94.477, 50.0546165189738, -118.400095314194, 134.706, 49.8741787921574, -118.097430034896, 5, 44, 16);
INSERT INTO SEG_Segments (ID, RouteID, NameID, Name, SortingOrder, PrimaryMP, PrimaryLatitude, PrimaryLongitude, SecondaryMP, SecondaryLatitude, SecondaryLongitude, RouteSegmentIndex, ParentAreaID, ParentSubAreaID) VALUES (441, 120, N'Hwy 6 EW - Fauquier to Junction Hwy 23 Nakusp', N'Highway 6 EW, between Needles Ferry (Needles) and Junction Hwy 23 (Nakusp)', 11, 135.805, 49.8718514967977, -118.082584904516, 194.863, 50.2491217, -117.8101834, 6, 44, 16);
INSERT INTO SEG_Segments (ID, RouteID, NameID, Name, SortingOrder, PrimaryMP, PrimaryLatitude, PrimaryLongitude, SecondaryMP, SecondaryLatitude, SecondaryLongitude, RouteSegmentIndex, ParentAreaID, ParentSubAreaID) VALUES (442, 62, N'Hwy 6 NS - Junction Hwy 23 Nakusp to Summit Lake', N'Highway 6 NS, between the start of Highway 6 NS (Nakusp) and Summit Lake Rd (Summit Lake)', 12, 0, 50.2491217, -117.8101834, 20.31, 50.1460281940116, -117.60623294635, 1, 44, 16);
INSERT INTO SEG_Segments (ID, RouteID, NameID, Name, SortingOrder, PrimaryMP, PrimaryLatitude, PrimaryLongitude, SecondaryMP, SecondaryLatitude, SecondaryLongitude, RouteSegmentIndex, ParentAreaID, ParentSubAreaID) VALUES (443, 62, N'Hwy 6 NS - Summit Lake to Jct Hwy 31A New Denver', N'Highway 6 NS, between Summit Lake Rd (Summit Lake) and Junction Hwy 31A (near New Denver)', 13, 20.31, 50.1460281940116, -117.60623294635, 47.01, 49.991468726563134, -117.37214285370119, 2, 44, 16);
INSERT INTO SEG_Segments (ID, RouteID, NameID, Name, SortingOrder, PrimaryMP, PrimaryLatitude, PrimaryLongitude, SecondaryMP, SecondaryLatitude, SecondaryLongitude, RouteSegmentIndex, ParentAreaID, ParentSubAreaID) VALUES (444, 62, N'Hwy 6 NS - Jct Hwy 31A New Denver to Cape Horn', N'Highway 6 NS, between 7th Ave (near New Denver) and Gravel Pit Rd (2 miles south of Slocan)', 14, 47.01, 49.991468726563134, -117.37214285370119, 79.555, 49.7539973996641, -117.466854297158, 3, 44, 16);
INSERT INTO SEG_Segments (ID, RouteID, NameID, Name, SortingOrder, PrimaryMP, PrimaryLatitude, PrimaryLongitude, SecondaryMP, SecondaryLatitude, SecondaryLongitude, RouteSegmentIndex, ParentAreaID, ParentSubAreaID) VALUES (445, 62, N'Hwy 6 NS - Slocan Park Junction with Hwy 3A Playmore', N'Highway 6 NS, between Slocan Park Rd (3 miles south of Passmore) and Junction Hwy 3A (Playmor Junction)', 16, 113.182, 49.5171046001488, -117.625460310225, 124.868, 49.4418526, -117.5356174, 5, 44, 16);
INSERT INTO SEG_Segments (ID, RouteID, NameID, Name, SortingOrder, PrimaryMP, PrimaryLatitude, PrimaryLongitude, SecondaryMP, SecondaryLatitude, SecondaryLongitude, RouteSegmentIndex, ParentAreaID, ParentSubAreaID) VALUES (446, 62, N'Hwy 6 NS - Cape Horn to Slocan Park', N'Highway 6 NS, between Gravel Pit Rd (2 miles south of Slocan) and Slocan Park Rd (3 miles south of Passmore)', 15, 79.555, 49.7539973996641, -117.466854297158, 113.182, 49.5171046001488, -117.625460310225, 4, 44, 16);
INSERT INTO SEG_Segments (ID, RouteID, NameID, Name, SortingOrder, PrimaryMP, PrimaryLatitude, PrimaryLongitude, SecondaryMP, SecondaryLatitude, SecondaryLongitude, RouteSegmentIndex, ParentAreaID, ParentSubAreaID) VALUES (447, 62, N'Hwy 6 NS - Nelson to Ymir', N'Highway 6 NS, between Junction Hwy 3A (Nelson) and Spruce St (11 miles north of Salmo)', 17, 124.968, 49.48696072981862, -117.29519020402306, 153.222, 49.2783037932182, -117.211579798522, 6, 44, 16);
INSERT INTO SEG_Segments (ID, RouteID, NameID, Name, SortingOrder, PrimaryMP, PrimaryLatitude, PrimaryLongitude, SecondaryMP, SecondaryLatitude, SecondaryLongitude, RouteSegmentIndex, ParentAreaID, ParentSubAreaID) VALUES (448, 62, N'Hwy 6 NS - Ymir to Salmo', N'Highway 6 NS, between Spruce St and Junction Hwy 3 (Salmo)', 18, 153.222, 49.2783037932182, -117.211579798522, 165.343, 49.19157309, -117.285743, 7, 44, 16);
INSERT INTO SEG_Segments (ID, RouteID, NameID, Name, SortingOrder, PrimaryMP, PrimaryLatitude, PrimaryLongitude, SecondaryMP, SecondaryLatitude, SecondaryLongitude, RouteSegmentIndex, ParentAreaID, ParentSubAreaID) VALUES (449, 62, N'Hwy 6 NS - Nelway Border Xing to Jct Hwy 3 Nelway', N'Highway 6 NS, between Junction Hwy 3 and US Border (BC and WA Border, South of Osoyoos)', 19, 165.443, 49.0754739245069, -117.272874441, 175.858, 48.99997888, -117.2995475, 8, 44, 16);
INSERT INTO SEG_Segments (ID, RouteID, NameID, Name, SortingOrder, PrimaryMP, PrimaryLatitude, PrimaryLongitude, SecondaryMP, SecondaryLatitude, SecondaryLongitude, RouteSegmentIndex, ParentAreaID, ParentSubAreaID) VALUES (451, 120, N'Hwy 6 EW - Gibson Rd to Cherryville', N'Highway 6 EW, between Gibson Rd (6 miles east of Lumby) and North Fork Rd (Cherryville)', 6, 32.62, 50.2517390994875, -118.872706906905, 52.366, 50.2468556702284, -118.629422737307, 3, 41, 19);
INSERT INTO SEG_Segments (ID, RouteID, NameID, Name, SortingOrder, PrimaryMP, PrimaryLatitude, PrimaryLongitude, SecondaryMP, SecondaryLatitude, SecondaryLongitude, RouteSegmentIndex, ParentAreaID, ParentSubAreaID) VALUES (452, 120, N'Hwy 6 EW - Cherryville to Monashee Summit', N'Highway 6 EW, between North Fork Rd (Cherryville) and Monashee Summit (Monashee Summit)', 7, 52.366, 50.2468556702284, -118.629422737307, 94.477, 50.0546165189738, -118.400095314194, 4, 41, 19);
INSERT INTO SEG_Segments (ID, RouteID, NameID, Name, SortingOrder, PrimaryMP, PrimaryLatitude, PrimaryLongitude, SecondaryMP, SecondaryLatitude, SecondaryLongitude, RouteSegmentIndex, ParentAreaID, ParentSubAreaID) VALUES (456, 23, N'Hwy 3A - Keremeos to Nighthawk Rd', N'Highway 3, between Keremeos (near Keremeos) and Nighthawk Rd (20 miles west of Osoyoos)', 6, 200.8216299, 49.206840057043891, -119.81822567325817, 225.367, 49.02302428, -119.6851419, 8, 41, 18);
INSERT INTO SEG_Segments (ID, RouteID, NameID, Name, SortingOrder, PrimaryMP, PrimaryLatitude, PrimaryLongitude, SecondaryMP, SecondaryLatitude, SecondaryLongitude, RouteSegmentIndex, ParentAreaID, ParentSubAreaID) VALUES (457, 23, N'Hwy 3 - Nighthawk Rd to Osoyoos', N'Highway 3, between Nighthawk Rd and 87th St (Osoyoos)', 7, 225.367, 49.02302428, -119.6851419, 247.685138, 49.0327491719741, -119.46805800849208, 9, 41, 18);
INSERT INTO SEG_Segments (ID, RouteID, NameID, Name, SortingOrder, PrimaryMP, PrimaryLatitude, PrimaryLongitude, SecondaryMP, SecondaryLatitude, SecondaryLongitude, RouteSegmentIndex, ParentAreaID, ParentSubAreaID) VALUES (458, 23, N'Hwy 3 - Osoyoos to Nine Mile Pit', N'Highway 3, between 89th St and Wagon Wheel Rd (Osoyoos)', 8, 247.685138, 49.0327491719741, -119.46805800849208, 270.9107977, 49.012010138484484, -119.30206027211892, 10, 41, 18);
INSERT INTO SEG_Segments (ID, RouteID, NameID, Name, SortingOrder, PrimaryMP, PrimaryLatitude, PrimaryLongitude, SecondaryMP, SecondaryLatitude, SecondaryLongitude, RouteSegmentIndex, ParentAreaID, ParentSubAreaID) VALUES (459, 23, N'Hwy 3 - Anarchist Summit to Junction Hwy 33 Rock Creek', N'Highway 3, between Nine Mile Place Rd (20 miles east of Osoyoos) and Beadman Rd (near Rock Creek)', 1, 270.9107977, 49.012010138484484, -119.30206027211892, 298.6, 49.057191195714282, -118.99981373571428, 11, 44, 15);
INSERT INTO SEG_Segments (ID, RouteID, NameID, Name, SortingOrder, PrimaryMP, PrimaryLatitude, PrimaryLongitude, SecondaryMP, SecondaryLatitude, SecondaryLongitude, RouteSegmentIndex, ParentAreaID, ParentSubAreaID) VALUES (460, 27, N'Hwy 33 - McCulloch Rd to Mission Creek Bridge', N'Highway 33, between Rupert Mainline and Three Forks Rd (Kelowna)', 13, 89.55, 49.757087812307695, -119.12628716923076, 105.416, 49.866325966, -119.14984558, 4, 41, 18);
INSERT INTO SEG_Segments (ID, RouteID, NameID, Name, SortingOrder, PrimaryMP, PrimaryLatitude, PrimaryLongitude, SecondaryMP, SecondaryLatitude, SecondaryLongitude, RouteSegmentIndex, ParentAreaID, ParentSubAreaID) VALUES (461, 27, N'Hwy 33 - Mission Creek Bridge to Junction Hwy 97 Kelowna', N'Highway 33, between Mission Creek Bridge and Highway 97 (Kelowna)', 14, 105.416, 49.866325966, -119.14984558, 128.703, 49.88949505, -119.4203661, 5, 41, 18);
INSERT INTO SEG_Segments (ID, RouteID, NameID, Name, SortingOrder, PrimaryMP, PrimaryLatitude, PrimaryLongitude, SecondaryMP, SecondaryLatitude, SecondaryLongitude, RouteSegmentIndex, ParentAreaID, ParentSubAreaID) VALUES (463, 67, N'Hwy 97 - Crystal Waters Rd to Grandview Flats Rd', N'Highway 97, between Crystal Waters Rd (13 miles south of Coldstream) and Grandview Flats Rd N (17 miles north of Vernon)', 8, 161.438, 50.1339159893935, -119.384931573531, 198.911, 50.402487313196, -119.318169260836, 9, 41, 19);
INSERT INTO SEG_Segments (ID, RouteID, NameID, Name, SortingOrder, PrimaryMP, PrimaryLatitude, PrimaryLongitude, SecondaryMP, SecondaryLatitude, SecondaryLongitude, RouteSegmentIndex, ParentAreaID, ParentSubAreaID) VALUES (464, 117, N'Telegraph Cr Rd - Glenora Rd to Burnt Trailer-Tanzilla Access', N'Telegraph Creek Rd (Highway 51), between Stikine Ave (Telegraph Creek) and Riverview Dr (51 miles west of Dease Lake)', 10, 0, 57.9005941934841, -131.16527480221, 56.634, 58.198611674625525, -130.67751320547336, 1, 43, 37);
INSERT INTO SEG_Segments (ID, RouteID, NameID, Name, SortingOrder, PrimaryMP, PrimaryLatitude, PrimaryLongitude, SecondaryMP, SecondaryLatitude, SecondaryLongitude, RouteSegmentIndex, ParentAreaID, ParentSubAreaID) VALUES (465, 58, N'Hwy 3A - Kootenay Bay Ferry to Jct Hwy 3 Creston', N'Highway 3A, between Kootenay Bay Ferry (near Kootenay Bay Ferry Landing in Crawford Bay) and Junction Hwy 3 (Creston)', 9, 163.358, 49.67519379, -116.8727871, 241.387, 49.1185984968812, -116.523528510729, 7, 44, 16);
INSERT INTO SEG_Segments (ID, RouteID, NameID, Name, SortingOrder, PrimaryMP, PrimaryLatitude, PrimaryLongitude, SecondaryMP, SecondaryLatitude, SecondaryLongitude, RouteSegmentIndex, ParentAreaID, ParentSubAreaID) VALUES (466, 68, N'Hwy 97C - Junction Hwy 97 to Brenda Mine Rd', N'Highway 97C, between Junction Hwy 97 (West Kelowna) and Brenda Mine Rd (10 miles east of Pennask Summit)', 23, 0, 49.805885593257941, -119.66388661117495, 22.886, 49.869345650471374, -119.93400740315244, 1, 41, 18);
INSERT INTO SEG_Segments (ID, RouteID, NameID, Name, SortingOrder, PrimaryMP, PrimaryLatitude, PrimaryLongitude, SecondaryMP, SecondaryLatitude, SecondaryLongitude, RouteSegmentIndex, ParentAreaID, ParentSubAreaID) VALUES (467, 68, N'Hwy 97C - Brenda Mine Rd to Pennask Summit', N'Highway 97C, between Trepanier Rd and Pennask Summit (Pennask Summit)', 24, 22.886, 49.869345650471374, -119.93400740315244, 33, 49.910018574295435, -120.02807989180535, 2, 41, 18);
INSERT INTO SEG_Segments (ID, RouteID, NameID, Name, SortingOrder, PrimaryMP, PrimaryLatitude, PrimaryLongitude, SecondaryMP, SecondaryLatitude, SecondaryLongitude, RouteSegmentIndex, ParentAreaID, ParentSubAreaID) VALUES (468, 68, N'Hwy 97C - Pennask Summit to Loon Lake Rd (Seg 10)', N'Highway 97C, between Pennask Summit and Loon Lake Rd (Pennask Summit)', 13, 33, 49.910018574295435, -120.02807989180535, 67.433, 49.8863234967844, -120.466472606495, 3, 42, 21);
INSERT INTO SEG_Segments (ID, RouteID, NameID, Name, SortingOrder, PrimaryMP, PrimaryLatitude, PrimaryLongitude, SecondaryMP, SecondaryLatitude, SecondaryLongitude, RouteSegmentIndex, ParentAreaID, ParentSubAreaID) VALUES (469, 68, N'Hwy 97C - Loon Lake Rd to Junction Hwy 5A (Seg 11)', N'Highway 97C, between Loon Lake Rd (34 miles west of Pennask Summit) and Aspen Grove (23 miles east of Merritt)', 14, 67.433, 49.8863234967844, -120.466472606495, 81.61, 49.949200496498669, -120.60899633978808, 4, 42, 21);
INSERT INTO SEG_Segments (ID, RouteID, NameID, Name, SortingOrder, PrimaryMP, PrimaryLatitude, PrimaryLongitude, SecondaryMP, SecondaryLatitude, SecondaryLongitude, RouteSegmentIndex, ParentAreaID, ParentSubAreaID) VALUES (470, 68, N'Hwy 97C - Junction Hwy 5A to Merritt (Seg 12)', N'Highway 97C, between Loon Lake Rd and Eight Mile Rd (Merritt)', 15, 81.61, 49.949200496498669, -120.60899633978808, 105.855, 50.089853410493674, -120.74898792472084, 5, 42, 21);
INSERT INTO SEG_Segments (ID, RouteID, NameID, Name, SortingOrder, PrimaryMP, PrimaryLatitude, PrimaryLongitude, SecondaryMP, SecondaryLatitude, SecondaryLongitude, RouteSegmentIndex, ParentAreaID, ParentSubAreaID) VALUES (472, 68, N'Hwy 97C - Highland Valley Mine to Junction Hwy 1', N'Highway 97C, between Highland Valley Copper Mine and the end of Highway 97C (Ashcroft)', 12, 161.934, 50.4787798976544, -121.003127399605, 211.166, 50.7730985210701, -121.311062773085, 8, 48, 24);
INSERT INTO SEG_Segments (ID, RouteID, NameID, Name, SortingOrder, PrimaryMP, PrimaryLatitude, PrimaryLongitude, SecondaryMP, SecondaryLatitude, SecondaryLongitude, RouteSegmentIndex, ParentAreaID, ParentSubAreaID) VALUES (478, 11, N'Hwy 16 - McBride to Horsey Creek Bridge', N'Highway 16, between Main St (McBride) and Horsey Creek Bridge (23 miles west of Tete Jaune)', 7, 1234.44824, 53.303962473546044, -120.16054433207039, 1274.0589, 53.0910266163561, -119.706824418181, 28, 45, 32);
INSERT INTO SEG_Segments (ID, RouteID, NameID, Name, SortingOrder, PrimaryMP, PrimaryLatitude, PrimaryLongitude, SecondaryMP, SecondaryLatitude, SecondaryLongitude, RouteSegmentIndex, ParentAreaID, ParentSubAreaID) VALUES (480, 11, N'Hwy 16 - Horsey Creek to Hwy 5/16 JCT', N'Highway 16, between Read Rd East Access and Hwy 5/16 JCT at Tete Jaune (Tete Jaune)', 8, 1274.0589, 53.0910266163561, -119.706824418181, 1297.464, 52.9748022, -119.4246502, 29, 45, 32);
INSERT INTO SEG_Segments (ID, RouteID, NameID, Name, SortingOrder, PrimaryMP, PrimaryLatitude, PrimaryLongitude, SecondaryMP, SecondaryLatitude, SecondaryLongitude, RouteSegmentIndex, ParentAreaID, ParentSubAreaID) VALUES (481, 11, N'Hwy 16 - Hwy 5/16 JCT to BC/AB Border', N'Highway 16, between Hwy 5/16 JCT at Tete Jaune (Tete Jaune) and BC AB Border (British Columbia and Alberta Border)', 9, 1297.464, 52.9748022, -119.4246502, 1374.102, 52.88195189, -118.4493958, 30, 45, 32);
INSERT INTO SEG_Segments (ID, RouteID, NameID, Name, SortingOrder, PrimaryMP, PrimaryLatitude, PrimaryLongitude, SecondaryMP, SecondaryLatitude, SecondaryLongitude, RouteSegmentIndex, ParentAreaID, ParentSubAreaID) VALUES (483, 56, N'Hwy 29 - Halfway River Bridge to Mile 54', N'Highway 29, between Halfway River Bridge and the end of Highway 29 (Halfway Rest Area)', 6, 200.7, 56.2169915468063, -121.439222979637, 235.852, 56.3056715969928, -121.00509810507, 5, 51, 28);
INSERT INTO SEG_Segments (ID, RouteID, NameID, Name, SortingOrder, PrimaryMP, PrimaryLatitude, PrimaryLongitude, SecondaryMP, SecondaryLatitude, SecondaryLongitude, RouteSegmentIndex, ParentAreaID, ParentSubAreaID) VALUES (484, 56, N'Hwy 29 - Hudson''s Hope to Halfway River Bridge', N'Highway 29, between Johnson Creek Rd (6 miles south of Hudson&#39;s Hope) and Halfway River Bridge (near Halfway Rest Area)', 5, 151.48, 55.995071233421896, -121.947184502599, 200.7, 56.2169915468063, -121.439222979637, 4, 51, 28);
INSERT INTO SEG_Segments (ID, RouteID, NameID, Name, SortingOrder, PrimaryMP, PrimaryLatitude, PrimaryLongitude, SecondaryMP, SecondaryLatitude, SecondaryLongitude, RouteSegmentIndex, ParentAreaID, ParentSubAreaID) VALUES (486, 34, N'Hwy 43 - Junction Hwy 3 to to Elkford', N'Highway 43, between the start of Highway 43 (Sparwood) and Alpine Way (Elkford)', 8, 0, 49.733084236307967, -114.87881970512568, 33.734, 50.0217979978303, -114.916709999183, 1, 47, 12);
INSERT INTO SEG_Segments (ID, RouteID, NameID, Name, SortingOrder, PrimaryMP, PrimaryLatitude, PrimaryLongitude, SecondaryMP, SecondaryLatitude, SecondaryLongitude, RouteSegmentIndex, ParentAreaID, ParentSubAreaID) VALUES (491, 52, N'Hwy 19 - Cook Creek Rd to 19A', N'Highway 19, between Cook Creek Rd (29 miles south of Cumberland) and Parksville Exit (Highway 19A) (Parksville)', 12, 316.6232459, 49.433716366398357, -124.74599184752577, 356.743, 49.30262006, -124.262328, 6, 46, 9);
INSERT INTO SEG_Segments (ID, RouteID, NameID, Name, SortingOrder, PrimaryMP, PrimaryLatitude, PrimaryLongitude, SecondaryMP, SecondaryLatitude, SecondaryLongitude, RouteSegmentIndex, ParentAreaID, ParentSubAreaID) VALUES (492, 52, N'Hwy 19 - Junction Hwy 19A Parksville to Nanaimo', N'Highway 19, between Church Rd (Parksville) and Wilkinson Rd (Nanaimo)', 11, 356.743, 49.30262006, -124.262328, 393.779, 49.1202356921321, -123.913520410851, 7, 46, 9);
INSERT INTO SEG_Segments (ID, RouteID, NameID, Name, SortingOrder, PrimaryMP, PrimaryLatitude, PrimaryLongitude, SecondaryMP, SecondaryLatitude, SecondaryLongitude, RouteSegmentIndex, ParentAreaID, ParentSubAreaID) VALUES (522, 61, N'Hwy 5A - Merrit to Stump Lake Ranch', N'Highway 5A, between Exit 290: Highway 5 (Merritt) and Exit 290 (30 miles south of Kamloops)', 9, 69.338, 50.12318827, -120.7592371, 123.54, 50.39324720668953, -120.32781753908833, 3, 42, 21);
INSERT INTO SEG_Segments (ID, RouteID, NameID, Name, SortingOrder, PrimaryMP, PrimaryLatitude, PrimaryLongitude, SecondaryMP, SecondaryLatitude, SecondaryLongitude, RouteSegmentIndex, ParentAreaID, ParentSubAreaID) VALUES (523, 61, N'Hwy 5A - Junction with Hwy 3 in Princeton to Gulliford Lk Rest Area', N'Highway 5A, between the start of Highway 5A (Princeton) and Gulliford Lake Rest Area (2 miles south of Gulliford Lake Rest Area)', 12, 0, 49.45813363, -120.5051906, 37.532, 49.7506069804259, -120.634500535621, 1, 41, 18);
INSERT INTO SEG_Segments (ID, RouteID, NameID, Name, SortingOrder, PrimaryMP, PrimaryLatitude, PrimaryLongitude, SecondaryMP, SecondaryLatitude, SecondaryLongitude, RouteSegmentIndex, ParentAreaID, ParentSubAreaID) VALUES (525, 61, N'Hwy 5A - Stump Lake to Hwy 1 (Kamloops)', N'Highway 5A, between Planet Mine Rd and Hillside Way (Kamloops)', 7, 123.54, 50.39324720668953, -120.32781753908833, 159.325, 50.65424792, -120.3687485, 4, 42, 22);
INSERT INTO SEG_Segments (ID, RouteID, NameID, Name, SortingOrder, PrimaryMP, PrimaryLatitude, PrimaryLongitude, SecondaryMP, SecondaryLatitude, SecondaryLongitude, RouteSegmentIndex, ParentAreaID, ParentSubAreaID) VALUES (526, 57, N'Hwy 37 - Kitimat to Terrace', N'Highway 37S, between Nalabila Blvd and Terrace (Kitimat)', 3, 0, 54.0526645, -128.6186707, 57.7516, 54.511541979462123, -128.5579607798314, 1, 49, 39);
INSERT INTO SEG_Segments (ID, RouteID, NameID, Name, SortingOrder, PrimaryMP, PrimaryLatitude, PrimaryLongitude, SecondaryMP, SecondaryLatitude, SecondaryLongitude, RouteSegmentIndex, ParentAreaID, ParentSubAreaID) VALUES (533, 122, N'Hwy 37 - Deltaic Creek to Bob Quinn', N'Highway 37N, between Deltaic Cr Bridge (26 miles south of Bell II) and Bob Quinn Camp (Bob Quinn)', 2, 221.10699999999997, 56.546475, -129.5488492, 297.61899999999997, 56.98104502, -130.2469368, 5, 43, 37);
INSERT INTO SEG_Segments (ID, RouteID, NameID, Name, SortingOrder, PrimaryMP, PrimaryLatitude, PrimaryLongitude, SecondaryMP, SecondaryLatitude, SecondaryLongitude, RouteSegmentIndex, ParentAreaID, ParentSubAreaID) VALUES (534, 122, N'Hwy 37 - Junc Hwy 16 Kitwanga to Cranberry River', N'Highway 37N, between Kitwanga and Cranberry Bridge #2 (Kitwanga)', 6, 0, 55.09583103, -128.076699, 76.489999999999981, 55.60055874, -128.5459881, 1, 43, 36);
INSERT INTO SEG_Segments (ID, RouteID, NameID, Name, SortingOrder, PrimaryMP, PrimaryLatitude, PrimaryLongitude, SecondaryMP, SecondaryLatitude, SecondaryLongitude, RouteSegmentIndex, ParentAreaID, ParentSubAreaID) VALUES (535, 122, N'Hwy 37 - Cranberry River to Nass River', N'Highway 37N, between Cranberry Bridge #2 (70 miles north of Kitwanga) and Nass River Bridge (14 miles south of Meziadin)', 7, 76.489999999999981, 55.60055874, -128.5459881, 142.655, 56.03357382, -129.1517141, 2, 43, 36);
INSERT INTO SEG_Segments (ID, RouteID, NameID, Name, SortingOrder, PrimaryMP, PrimaryLatitude, PrimaryLongitude, SecondaryMP, SecondaryLatitude, SecondaryLongitude, RouteSegmentIndex, ParentAreaID, ParentSubAreaID) VALUES (536, 122, N'Hwy 37 - Bell Irving River #1 to Deltaic Creek', N'Highway 37N, between Bell 1 Bridge (32 miles north of Meziadin) and Deltaic Cr Bridge (26 miles south of Bell II)', 9, 188.66, 56.32732422, -129.3004969, 221.10699999999997, 56.546475, -129.5488492, 4, 43, 36);
INSERT INTO SEG_Segments (ID, RouteID, NameID, Name, SortingOrder, PrimaryMP, PrimaryLatitude, PrimaryLongitude, SecondaryMP, SecondaryLatitude, SecondaryLongitude, RouteSegmentIndex, ParentAreaID, ParentSubAreaID) VALUES (537, 122, N'Hwy 37 - Nass River to Bell Irving River #1', N'Highway 37N, between Nass River Bridge and Bell 1 Bridge (Meziadin)', 8, 142.655, 56.03357382, -129.1517141, 188.66, 56.32732422, -129.3004969, 3, 43, 36);
INSERT INTO SEG_Segments (ID, RouteID, NameID, Name, SortingOrder, PrimaryMP, PrimaryLatitude, PrimaryLongitude, SecondaryMP, SecondaryLatitude, SecondaryLongitude, RouteSegmentIndex, ParentAreaID, ParentSubAreaID) VALUES (538, 122, N'Hwy 37 - Bob Quinn to Burrage River', N'Highway 37N, between Bob Quinn Camp and Burrage River Bridge (Bob Quinn)', 3, 297.61899999999997, 56.98104502, -130.2469368, 333.044, 57.27039522, -130.2712699, 6, 43, 37);
INSERT INTO SEG_Segments (ID, RouteID, NameID, Name, SortingOrder, PrimaryMP, PrimaryLatitude, PrimaryLongitude, SecondaryMP, SecondaryLatitude, SecondaryLongitude, RouteSegmentIndex, ParentAreaID, ParentSubAreaID) VALUES (539, 122, N'Hwy 37 - Burrage River to Tatogga', N'Highway 37N, between Burrage River Bridge (35 miles north of Bob Quinn) and Tatogga Lake Resort (Tatogga)', 4, 333.044, 57.27039522, -130.2712699, 390.65299999999996, 57.71037648, -129.9928082, 7, 43, 37);
INSERT INTO SEG_Segments (ID, RouteID, NameID, Name, SortingOrder, PrimaryMP, PrimaryLatitude, PrimaryLongitude, SecondaryMP, SecondaryLatitude, SecondaryLongitude, RouteSegmentIndex, ParentAreaID, ParentSubAreaID) VALUES (540, 122, N'Hwy 37 - Tatogga to Stikine River', N'Highway 37N, between Tatogga Lake Resort (Tatogga) and Stikine Bridge (30 miles north of Iskut)', 5, 390.65299999999996, 57.71037648, -129.9928082, 437.563, 58.04147171, -129.9498584, 8, 43, 37);
INSERT INTO SEG_Segments (ID, RouteID, NameID, Name, SortingOrder, PrimaryMP, PrimaryLatitude, PrimaryLongitude, SecondaryMP, SecondaryLatitude, SecondaryLongitude, RouteSegmentIndex, ParentAreaID, ParentSubAreaID) VALUES (541, 122, N'Hwy 37 - Stikine River to Dease Lake', N'Highway 37N, between Stikine Bridge (30 miles north of Iskut) and Commercial Dr (Dease Lake)', 6, 437.563, 58.04147171, -129.9498584, 488.016, 58.43195269, -129.9862896, 9, 43, 37);
INSERT INTO SEG_Segments (ID, RouteID, NameID, Name, SortingOrder, PrimaryMP, PrimaryLatitude, PrimaryLongitude, SecondaryMP, SecondaryLatitude, SecondaryLongitude, RouteSegmentIndex, ParentAreaID, ParentSubAreaID) VALUES (542, 122, N'Hwy 37 - Dease Lake to Dease River', N'Highway 37N, between Commercial Dr (Dease Lake) and Dease River Bridge (46 miles south of Jade City)', 7, 488.016, 58.43195269, -129.9862896, 555.88100000000009, 58.9464873, -129.8667655, 10, 43, 37);
INSERT INTO SEG_Segments (ID, RouteID, NameID, Name, SortingOrder, PrimaryMP, PrimaryLatitude, PrimaryLongitude, SecondaryMP, SecondaryLatitude, SecondaryLongitude, RouteSegmentIndex, ParentAreaID, ParentSubAreaID) VALUES (543, 122, N'Hwy 37 - Dease River to Jade City', N'Highway 37N, between Dease River Bridge and Cassiar Rd (Jade City)', 8, 555.88100000000009, 58.9464873, -129.8667655, 604.474, 59.2571253, -129.6245822, 11, 43, 37);
INSERT INTO SEG_Segments (ID, RouteID, NameID, Name, SortingOrder, PrimaryMP, PrimaryLatitude, PrimaryLongitude, SecondaryMP, SecondaryLatitude, SecondaryLongitude, RouteSegmentIndex, ParentAreaID, ParentSubAreaID) VALUES (544, 122, N'Hwy 37 - Jade City to BC/Yukon Border', N'Highway 37N, between Cassiar Rd (2 miles north of Jade City) and the end of Highway 37N (British Columbia and Yukon Border)', 9, 604.474, 59.2571253, -129.6245822, 720.5, 59.999881664743, -129.052630560361, 12, 43, 37);
INSERT INTO SEG_Segments (ID, RouteID, NameID, Name, SortingOrder, PrimaryMP, PrimaryLatitude, PrimaryLongitude, SecondaryMP, SecondaryLatitude, SecondaryLongitude, RouteSegmentIndex, ParentAreaID, ParentSubAreaID) VALUES (545, 11, N'Hwy 16 - West boundary to Junct Hwy 37 at Kitwanga', N'Highway 16 (Yellowhead Highway), between Maintenance Boundary SA25 (24 miles west of Cedarvale) and Kitwanga (17 miles west of Gitsegukla)', 1, 500.41, 54.832683915541125, -128.31388779090909, 543.6136968, 55.095878186962665, -128.07729983192, 9, 43, 36);
INSERT INTO SEG_Segments (ID, RouteID, NameID, Name, SortingOrder, PrimaryMP, PrimaryLatitude, PrimaryLongitude, SecondaryMP, SecondaryLatitude, SecondaryLongitude, RouteSegmentIndex, ParentAreaID, ParentSubAreaID) VALUES (546, 11, N'Hwy 16 - Junc Hwy 37 at Kitwanga to New Hazelton', N'Highway 16 (Yellowhead Highway), between Cedarvale Ferry Rd (17 miles west of Gitsegukla) and Fielding St (near New Hazelton)', 2, 543.6136968, 55.095878186962665, -128.07729983192, 586.6725329, 55.246833616869445, -127.59269705435702, 10, 43, 36);
INSERT INTO SEG_Segments (ID, RouteID, NameID, Name, SortingOrder, PrimaryMP, PrimaryLatitude, PrimaryLongitude, SecondaryMP, SecondaryLatitude, SecondaryLongitude, RouteSegmentIndex, ParentAreaID, ParentSubAreaID) VALUES (547, 29, N'Hwy 37A - BC/AK Border to Pearly Avalanche Gates', N'Highway 37A, between Hyder (British Columbia and Alaska Border) and Pearly Gates (12 miles east of Stewart)', 10, 0, 55.91210645, -130.0160572, 18.027, 56.04312005, -129.9084717, 1, 43, 36);
INSERT INTO SEG_Segments (ID, RouteID, NameID, Name, SortingOrder, PrimaryMP, PrimaryLatitude, PrimaryLongitude, SecondaryMP, SecondaryLatitude, SecondaryLongitude, RouteSegmentIndex, ParentAreaID, ParentSubAreaID) VALUES (548, 29, N'Hwy 37A - Pearly Avalanche Gates to Junc Hwy 37 at Meziadin', N'Highway 37A, between Pearly Gates (12 miles east of Stewart) and Highway 37 Junction (Meziadin)', 11, 18.027, 56.04312005, -129.9084717, 64.912, 56.1006642, -129.3073081, 2, 43, 36);
INSERT INTO SEG_Segments (ID, RouteID, NameID, Name, SortingOrder, PrimaryMP, PrimaryLatitude, PrimaryLongitude, SecondaryMP, SecondaryLatitude, SecondaryLongitude, RouteSegmentIndex, ParentAreaID, ParentSubAreaID) VALUES (549, 1, N'Hwy 1 - Revelstoke to Albert Canyon Chainup', N'Highway 1 (TransCanada Highway), between Victoria Rd W (Revelstoke) and Albert Canyon Chain Up Area (3 miles east of East Boundary of Mount Revelstoke National Park)', 3, 831.674, 51.00933344, -118.2160008, 865.031, 51.13835767115409, -117.87473693980031, 42, 47, 13);
INSERT INTO SEG_Segments (ID, RouteID, NameID, Name, SortingOrder, PrimaryMP, PrimaryLatitude, PrimaryLongitude, SecondaryMP, SecondaryLatitude, SecondaryLongitude, RouteSegmentIndex, ParentAreaID, ParentSubAreaID) VALUES (551, 1, N'Hwy 1 - Albert Canyon Chainup to Glacier National Park West Boundary', N'Highway 1 (TransCanada Highway), between Albert Canyon Chain Up Area (3 miles east of East Boundary of Mount Revelstoke National Park) and Glacier National Park West Boundary (near West Boundary of Glacier National Park)', 4, 865.031, 51.13835767115409, -117.87473693980031, 879.794, 51.2097087, -117.7152784, 43, 47, 13);
INSERT INTO SEG_Segments (ID, RouteID, NameID, Name, SortingOrder, PrimaryMP, PrimaryLatitude, PrimaryLongitude, SecondaryMP, SecondaryLatitude, SecondaryLongitude, RouteSegmentIndex, ParentAreaID, ParentSubAreaID) VALUES (552, 1, N'Hwy 1 - Glacier National Park West Boundary to Glacier National Park Summit', N'Highway 1 (TransCanada Highway), between Glacier National Park West Boundary (near West Boundary of Glacier National Park) and Glacier National Park Summit (Rogers Pass Summit)', 5, 879.794, 51.2097087, -117.7152784, 900.601, 51.2998271, -117.5199983, 44, 47, 13);
INSERT INTO SEG_Segments (ID, RouteID, NameID, Name, SortingOrder, PrimaryMP, PrimaryLatitude, PrimaryLongitude, SecondaryMP, SecondaryLatitude, SecondaryLongitude, RouteSegmentIndex, ParentAreaID, ParentSubAreaID) VALUES (554, 55, N'Hwy 23 - Revelstoke to Downie Creek Bridge', N'Highway 23, between Junction Highway 1 and Downie Ck. Bridge (Revelstoke)', 14, 100.66, 51.01047002, -118.2105061, 166.99, 51.5014498, -118.3706356, 4, 47, 13);
INSERT INTO SEG_Segments (ID, RouteID, NameID, Name, SortingOrder, PrimaryMP, PrimaryLatitude, PrimaryLongitude, SecondaryMP, SecondaryLatitude, SecondaryLongitude, RouteSegmentIndex, ParentAreaID, ParentSubAreaID) VALUES (557, 55, N'Hwy 23 - Shelter Bay to Revelstoke', N'Highway 23, between Junction Hwy 31 and Junction Highway 1 (Revelstoke)', 13, 51.645, 50.633823281141, -117.928672098589, 100.653, 51.0032619, -118.2257561, 3, 47, 13);
INSERT INTO SEG_Segments (ID, RouteID, NameID, Name, SortingOrder, PrimaryMP, PrimaryLatitude, PrimaryLongitude, SecondaryMP, SecondaryLatitude, SecondaryLongitude, RouteSegmentIndex, ParentAreaID, ParentSubAreaID) VALUES (561, 1, N'Hwy 1 - Hwy 1 - Cassiar Tunnel to Boundary Rd', N'Highway 1 (TransCanada Highway), between Cassiar Tunnel and Exit 28: Boundary Rd (Vancouver)', 1, 200.79, 49.27957621, -123.0317311, 202.9586731, 49.2610633952698, -123.02390854286934, 18, 50, 5);
INSERT INTO SEG_Segments (ID, RouteID, NameID, Name, SortingOrder, PrimaryMP, PrimaryLatitude, PrimaryLongitude, SecondaryMP, SecondaryLatitude, SecondaryLongitude, RouteSegmentIndex, ParentAreaID, ParentSubAreaID) VALUES (562, 1, N'Hwy 1 - Taylor Way to Cassiar Tunnel', N'Highway 1 (TransCanada Highway), between Exit 13 (West Vancouver) and Cassiar Tunnel (Vancouver)', 2, 187.704, 49.33803167, -123.1401344, 200.79, 49.27957621, -123.0317311, 17, 50, 3);
INSERT INTO SEG_Segments (ID, RouteID, NameID, Name, SortingOrder, PrimaryMP, PrimaryLatitude, PrimaryLongitude, SecondaryMP, SecondaryLatitude, SecondaryLongitude, RouteSegmentIndex, ParentAreaID, ParentSubAreaID) VALUES (563, 3, N'Hwy 101 - Lund to Powell River', N'Highway 101, between Lund Rd and Sutherland Ave (Powell River)', 1, 0, 49.9816815, -124.7591044, 19.553, 49.8884838, -124.5635312, 1, 50, 4);
INSERT INTO SEG_Segments (ID, RouteID, NameID, Name, SortingOrder, PrimaryMP, PrimaryLatitude, PrimaryLongitude, SecondaryMP, SecondaryLatitude, SecondaryLongitude, RouteSegmentIndex, ParentAreaID, ParentSubAreaID) VALUES (565, 3, N'Hwy 101 - Powell River', N'Highway 101, between Sutherland Ave and Rifle Range Rd (Powell River)', 2, 19.553, 49.8884838, -124.5635312, 31.879, 49.8016636, -124.5095168, 2, 50, 4);
INSERT INTO SEG_Segments (ID, RouteID, NameID, Name, SortingOrder, PrimaryMP, PrimaryLatitude, PrimaryLongitude, SecondaryMP, SecondaryLatitude, SecondaryLongitude, RouteSegmentIndex, ParentAreaID, ParentSubAreaID) VALUES (566, 3, N'Hwy 101 - Powell River to Saltery Bay', N'Highway 101, between Rifle Range Rd and Saltery Bay (Powell River)', 3, 31.879, 49.8016636, -124.5095168, 58.259, 49.7817615228677, -124.17765289812, 3, 50, 4);
INSERT INTO SEG_Segments (ID, RouteID, NameID, Name, SortingOrder, PrimaryMP, PrimaryLatitude, PrimaryLongitude, SecondaryMP, SecondaryLatitude, SecondaryLongitude, RouteSegmentIndex, ParentAreaID, ParentSubAreaID) VALUES (573, 2, N'Hwy 10 - Junction with Hwy 91 to Junction with Hwy 1 in Langley', N'Highway 10, between Junction Hwy 91 (Delta) and the end of Highway 10 (Langley - District)', 11, 11.82, 49.10226439, -122.9004929, 38.147, 49.13750395, -122.5813041, 1, 50, 5);
INSERT INTO SEG_Segments (ID, RouteID, NameID, Name, SortingOrder, PrimaryMP, PrimaryLatitude, PrimaryLongitude, SecondaryMP, SecondaryLatitude, SecondaryLongitude, RouteSegmentIndex, ParentAreaID, ParentSubAreaID) VALUES (574, 51, N'Hwy 17A - Ladner', N'Highway 17A, between Junction Highway 17 Delta and 62B St (Delta)', 16, 27.4666, 49.053400085451237, -123.05718830271415, 34.148, 49.11215675, -123.0512423, 4, 50, 5);
INSERT INTO SEG_Segments (ID, RouteID, NameID, Name, SortingOrder, PrimaryMP, PrimaryLatitude, PrimaryLongitude, SecondaryMP, SecondaryLatitude, SecondaryLongitude, RouteSegmentIndex, ParentAreaID, ParentSubAreaID) VALUES (575, 94, N'Hemlock Valley Road', N'Hemlock Valley Rd, between the start of Hemlock Valley Rd and End of Route (Sasquatch Mountain Resort)', 19, 0, 49.307935096054116, -121.91682611045097, 13.8089, 49.379741796020618, -121.93524390861415, 1, 50, 6);
INSERT INTO SEG_Segments (ID, RouteID, NameID, Name, SortingOrder, PrimaryMP, PrimaryLatitude, PrimaryLongitude, SecondaryMP, SecondaryLatitude, SecondaryLongitude, RouteSegmentIndex, ParentAreaID, ParentSubAreaID) VALUES (579, 40, N'Hwy 7 - Junc Hwy 9 to Junc Hwy 1', N'Highway 7 (Lougheed Highway), between Junction with Highway 9 (Kent) and the end of Highway 7 (Lougheed Highway) (1 mile east of Hope)', 15, 117.163, 49.2405677030164, -121.766602133853, 147.713, 49.3961224699014, -121.45716847757, 7, 50, 6);
INSERT INTO SEG_Segments (ID, RouteID, NameID, Name, SortingOrder, PrimaryMP, PrimaryLatitude, PrimaryLongitude, SecondaryMP, SecondaryLatitude, SecondaryLongitude, RouteSegmentIndex, ParentAreaID, ParentSubAreaID) VALUES (584, 1, N'Hwy 1 - Jackass Summit to Junc Hwy 12', N'Highway 1 (TransCanada Highway), between Jackass Summit (2 miles north of Jackass Mountain Summit) and Junction Hwy 12 (Lytton)', 1, 439.306, 50.0973790770997, -121.555178736433, 454.174, 50.22368244, -121.5767226, 32, 42, 21);
INSERT INTO SEG_Segments (ID, RouteID, NameID, Name, SortingOrder, PrimaryMP, PrimaryLatitude, PrimaryLongitude, SecondaryMP, SecondaryLatitude, SecondaryLongitude, RouteSegmentIndex, ParentAreaID, ParentSubAreaID) VALUES (585, 1, N'Hwy 1 - Junc Hwy 12 to Spences Bridge', N'Highway 1 (TransCanada Highway), between Junction Hwy 12 (Lytton) and Colvin Rd (near Spences Bridge)', 2, 454.174, 50.22368244, -121.5767226, 489.8, 50.414272729138972, -121.35835844725655, 33, 42, 21);
INSERT INTO SEG_Segments (ID, RouteID, NameID, Name, SortingOrder, PrimaryMP, PrimaryLatitude, PrimaryLongitude, SecondaryMP, SecondaryLatitude, SecondaryLongitude, RouteSegmentIndex, ParentAreaID, ParentSubAreaID) VALUES (586, 68, N'Hwy 97C - Junc Hwy 8 and Junc Hwy 97D', N'Highway 97C, between Merritt and Witches Brook Rd (Ashcroft)', 16, 105.954, 50.1365759444425, -120.837132680414, 147.9190968, 50.488464987021828, -120.83218723518641, 6, 42, 21);
INSERT INTO SEG_Segments (ID, RouteID, NameID, Name, SortingOrder, PrimaryMP, PrimaryLatitude, PrimaryLongitude, SecondaryMP, SecondaryLatitude, SecondaryLongitude, RouteSegmentIndex, ParentAreaID, ParentSubAreaID) VALUES (587, 68, N'Hwy 97C - Junc Hwy 97D to Highland Valley Mine', N'Highway 97C, between Brolin Rd and Highland Valley Copper Mine (Ashcroft)', 17, 147.9190968, 50.488464987021828, -120.83218723518641, 161.934, 50.4787798976544, -121.003127399605, 7, 42, 21);
INSERT INTO SEG_Segments (ID, RouteID, NameID, Name, SortingOrder, PrimaryMP, PrimaryLatitude, PrimaryLongitude, SecondaryMP, SecondaryLatitude, SecondaryLongitude, RouteSegmentIndex, ParentAreaID, ParentSubAreaID) VALUES (599, 60, N'Hwy 5 - Junc Hwy 97D to Kamloops', N'Highway 5 (Coquihalla North), between Exit 336: Walloper Interchange (14 miles north of Surrey Lake Summit) and Exit 362: Afton Interchange (Kamloops)', 3, 159.171, 50.48445128, -120.5575089, 186.405, 50.6663010992731, -120.442304287798, 7, 42, 22);
INSERT INTO SEG_Segments (ID, RouteID, NameID, Name, SortingOrder, PrimaryMP, PrimaryLatitude, PrimaryLongitude, SecondaryMP, SecondaryLatitude, SecondaryLongitude, RouteSegmentIndex, ParentAreaID, ParentSubAreaID) VALUES (600, 60, N'Hwy 5 - Kamloops to McLure', N'Highway 5, between East Kamloops (Kamloops) and McLure Ferry Rd (15 miles south of Barriere)', 4, 186.505, 50.6682868, -120.3079743, 230.62, 51.03218179, -120.2239447, 8, 42, 22);
INSERT INTO SEG_Segments (ID, RouteID, NameID, Name, SortingOrder, PrimaryMP, PrimaryLatitude, PrimaryLongitude, SecondaryMP, SecondaryLatitude, SecondaryLongitude, RouteSegmentIndex, ParentAreaID, ParentSubAreaID) VALUES (603, 60, N'Hwy 5 - McLure to Junc Hwy 24', N'Highway 5, between McLure Ferry Rd (15 miles south of Barriere) and Bean Rd (near Little Fort)', 5, 230.62, 51.03218179, -120.2239447, 280.127, 51.4239380531579, -120.20531690526316, 9, 42, 22);
INSERT INTO SEG_Segments (ID, RouteID, NameID, Name, SortingOrder, PrimaryMP, PrimaryLatitude, PrimaryLongitude, SecondaryMP, SecondaryLatitude, SecondaryLongitude, RouteSegmentIndex, ParentAreaID, ParentSubAreaID) VALUES (605, 60, N'Hwy 5 - Junc Hwy 24 (Little Fort) to McMurphy', N'Highway 5, between Church St (near Little Fort) and McMurphy Pullout; SA Boundary (18 miles south of Avola)', 6, 280.127, 51.4239380531579, -120.20531690526316, 359.098, 51.67132817, -119.4757634, 10, 42, 22);
INSERT INTO SEG_Segments (ID, RouteID, NameID, Name, SortingOrder, PrimaryMP, PrimaryLatitude, PrimaryLongitude, SecondaryMP, SecondaryLatitude, SecondaryLongitude, RouteSegmentIndex, ParentAreaID, ParentSubAreaID) VALUES (607, 60, N'Hwy 5 - McMurphy Pullout to Blue River', N'Highway 5, between McMurphy Pullout; SA Boundary (18 miles south of Avola) and Blue River Bridge (near Blue River)', 1, 359.098, 51.67132817, -119.4757634, 417.717, 52.1167335188836, -119.30210496144, 11, 45, 32);
INSERT INTO SEG_Segments (ID, RouteID, NameID, Name, SortingOrder, PrimaryMP, PrimaryLatitude, PrimaryLongitude, SecondaryMP, SecondaryLatitude, SecondaryLongitude, RouteSegmentIndex, ParentAreaID, ParentSubAreaID) VALUES (609, 60, N'Hwy 5 - Blue River to Clemina', N'Highway 5, between Blue River Bridge (near Blue River) and Clemina Overhead Bridge (29 miles south of Valemount)', 2, 417.717, 52.1167335188836, -119.30210496144, 476.304, 52.6028154592337, -119.110969319949, 12, 45, 32);
INSERT INTO SEG_Segments (ID, RouteID, NameID, Name, SortingOrder, PrimaryMP, PrimaryLatitude, PrimaryLongitude, SecondaryMP, SecondaryLatitude, SecondaryLongitude, RouteSegmentIndex, ParentAreaID, ParentSubAreaID) VALUES (611, 60, N'Hwy 5 - Clemina to Valemount', N'Highway 5, between Clemina Overhead Bridge and 5th Ave; Pine Rd (Valemount)', 3, 476.304, 52.6028154592337, -119.110969319949, 506.334, 52.83116635, -119.2793451, 13, 45, 32);
INSERT INTO SEG_Segments (ID, RouteID, NameID, Name, SortingOrder, PrimaryMP, PrimaryLatitude, PrimaryLongitude, SecondaryMP, SecondaryLatitude, SecondaryLongitude, RouteSegmentIndex, ParentAreaID, ParentSubAreaID) VALUES (612, 60, N'Hwy 5 - Valemount to Tete Jaune Cache at Junc Hwy 16', N'Highway 5, between 5th Ave; Pine Rd (Valemount) and the end of Highway 5 (Tete Jaune)', 4, 506.334, 52.83116635, -119.2793451, 525.759, 52.9758456, -119.4226869, 14, 45, 32);
INSERT INTO SEG_Segments (ID, RouteID, NameID, Name, SortingOrder, PrimaryMP, PrimaryLatitude, PrimaryLongitude, SecondaryMP, SecondaryLatitude, SecondaryLongitude, RouteSegmentIndex, ParentAreaID, ParentSubAreaID) VALUES (615, 60, N'Hwy 5 - Exit 315 (Helmer) to Exit 336 (Walloper)', N'Highway 5 (Coquihalla North), between Exit 315: Helmer Rd and Exit 336: Walloper Interchange (Surrey Lake Summit)', 7, 138.509, 50.3137611824007, -120.639602031616, 159.171, 50.48445128, -120.5575089, 6, 42, 21);
INSERT INTO SEG_Segments (ID, RouteID, NameID, Name, SortingOrder, PrimaryMP, PrimaryLatitude, PrimaryLongitude, SecondaryMP, SecondaryLatitude, SecondaryLongitude, RouteSegmentIndex, ParentAreaID, ParentSubAreaID) VALUES (617, 60, N'Hwy 5 - Exit 286 (Merritt) to Exit 315 (Helmer)', N'Highway 5 (Coquihalla South), between Exit 286: Merritt - 97C (Merritt) and Exit 315: Helmer Rd (7 miles south of Surrey Lake Summit)', 6, 109.29199904231, 50.08981201, -120.74878042, 138.509, 50.3137611824007, -120.639602031616, 5, 42, 21);
INSERT INTO SEG_Segments (ID, RouteID, NameID, Name, SortingOrder, PrimaryMP, PrimaryLatitude, PrimaryLongitude, SecondaryMP, SecondaryLatitude, SecondaryLongitude, RouteSegmentIndex, ParentAreaID, ParentSubAreaID) VALUES (618, 60, N'Hwy 5 - Exit 256 to Exit 286 (Merritt)', N'Highway 5 (Coquihalla South), between Exit 256: Coldwater Rd and Exit 286: Merritt - 97C (Merritt)', 5, 79.714, 49.8829372384824, -120.90146450942, 109.29199904231, 50.08981201, -120.74878042, 4, 42, 21);
INSERT INTO SEG_Segments (ID, RouteID, NameID, Name, SortingOrder, PrimaryMP, PrimaryLatitude, PrimaryLongitude, SecondaryMP, SecondaryLatitude, SecondaryLongitude, RouteSegmentIndex, ParentAreaID, ParentSubAreaID) VALUES (619, 60, N'Hwy 5 - Hope to Portia', N'Highway 5 (Coquihalla South), between the start of Highway 5 (Coquihalla South) (Hope) and Exit 202: Portia (11 miles south of Great Bear Snowshed)', 11, 0, 49.36162936, -121.3617776, 24.795, 49.505641563278, -121.199420810644, 1, 50, 6);
INSERT INTO SEG_Segments (ID, RouteID, NameID, Name, SortingOrder, PrimaryMP, PrimaryLatitude, PrimaryLongitude, SecondaryMP, SecondaryLatitude, SecondaryLongitude, RouteSegmentIndex, ParentAreaID, ParentSubAreaID) VALUES (621, 60, N'Hwy 5 - Exit 202 (Portia) to Exit 228', N'Highway 5 (Coquihalla South), between Exit 202: Portia (11 miles south of Great Bear Snowshed) and Exit 228: Coquihalla Lakes Rd (9 miles north of Coquihalla Summit)', 3, 24.795, 49.505641563278, -121.199420810644, 51.398, 49.6563599368218, -121.006686139608, 2, 42, 21);
INSERT INTO SEG_Segments (ID, RouteID, NameID, Name, SortingOrder, PrimaryMP, PrimaryLatitude, PrimaryLongitude, SecondaryMP, SecondaryLatitude, SecondaryLongitude, RouteSegmentIndex, ParentAreaID, ParentSubAreaID) VALUES (622, 60, N'Hwy 5 - Exit 228 to Exit 256', N'Highway 5 (Coquihalla South), between Exit 228: Coquihalla Lakes Rd (9 miles north of Coquihalla Summit) and Exit 256: Coldwater Rd (29 miles south of Merritt)', 4, 51.398, 49.6563599368218, -121.006686139608, 79.714, 49.8829372384824, -120.90146450942, 3, 42, 21);
INSERT INTO SEG_Segments (ID, RouteID, NameID, Name, SortingOrder, PrimaryMP, PrimaryLatitude, PrimaryLongitude, SecondaryMP, SecondaryLatitude, SecondaryLongitude, RouteSegmentIndex, ParentAreaID, ParentSubAreaID) VALUES (624, 19, N'Hwy 24 - Lac des Roches to Lemieux Creek Bridge #3', N'Highway 24, between Cottage Lane and Lemieux Creek Rd (Little Fort)', 8, 61.074927, 51.482447173969433, -120.56231182712386, 93.721, 51.4531738, -120.2164276, 3, 42, 22);
INSERT INTO SEG_Segments (ID, RouteID, NameID, Name, SortingOrder, PrimaryMP, PrimaryLatitude, PrimaryLongitude, SecondaryMP, SecondaryLatitude, SecondaryLongitude, RouteSegmentIndex, ParentAreaID, ParentSubAreaID) VALUES (625, 19, N'Hwy 24 - Lemieux Creek Bridge #3 to Junction with Hwy 5', N'Highway 24, between Lemieux Creek Rd and the end of Highway 24 (Little Fort)', 9, 93.721, 51.4531738, -120.2164276, 97.4, 51.42395543, -120.2053096, 4, 42, 22);
INSERT INTO SEG_Segments (ID, RouteID, NameID, Name, SortingOrder, PrimaryMP, PrimaryLatitude, PrimaryLongitude, SecondaryMP, SecondaryLatitude, SecondaryLongitude, RouteSegmentIndex, ParentAreaID, ParentSubAreaID) VALUES (626, 55, N'Hwy 23 - Downie Creek Bridge to Goldstream River Bridge', N'Highway 23, between Downie Ck. Bridge (59 miles north of Revelstoke) and Goldstream River Bridge (47 miles south of Mica Dam)', 15, 166.99, 51.5014498, -118.3706356, 199.296, 51.66604984, -118.6157198, 5, 47, 13);
INSERT INTO SEG_Segments (ID, RouteID, NameID, Name, SortingOrder, PrimaryMP, PrimaryLatitude, PrimaryLongitude, SecondaryMP, SecondaryLatitude, SecondaryLongitude, RouteSegmentIndex, ParentAreaID, ParentSubAreaID) VALUES (627, 55, N'Hwy 23 - Goldstream River Bridge and Mica Dam', N'Highway 23, between Goldstream River Bridge and Mica Dam (Mica Dam)', 16, 199.296, 51.66604984, -118.6157198, 250.725, 52.0790687987944, -118.558389405667, 6, 47, 13);
INSERT INTO SEG_Segments (ID, RouteID, NameID, Name, SortingOrder, PrimaryMP, PrimaryLatitude, PrimaryLongitude, SecondaryMP, SecondaryLatitude, SecondaryLongitude, RouteSegmentIndex, ParentAreaID, ParentSubAreaID) VALUES (628, 1, N'Hwy 1 - Bernie Rd to Perry River Bridge', N'Highway 1 (TransCanada Highway), between Canoe Beach Dr NE and Perry River Bridge (Sicamous)', 3, 750.6794405, 50.7889755408375, -119.08807347354723, 789.713, 50.9965651, -118.6920709, 39, 41, 19);
INSERT INTO SEG_Segments (ID, RouteID, NameID, Name, SortingOrder, PrimaryMP, PrimaryLatitude, PrimaryLongitude, SecondaryMP, SecondaryLatitude, SecondaryLongitude, RouteSegmentIndex, ParentAreaID, ParentSubAreaID) VALUES (629, 1, N'Hwy 1 - Perry River to Three Valley Gap', N'Highway 1 (TransCanada Highway), between Perry River Bridge (25 miles east of Sicamous) and Three Valley Avalanche Gate (18 miles west of Revelstoke)', 1, 789.713, 50.9965651, -118.6920709, 810.433, 50.927680596, -118.47317312, 40, 47, 13);
INSERT INTO SEG_Segments (ID, RouteID, NameID, Name, SortingOrder, PrimaryMP, PrimaryLatitude, PrimaryLongitude, SecondaryMP, SecondaryLatitude, SecondaryLongitude, RouteSegmentIndex, ParentAreaID, ParentSubAreaID) VALUES (630, 23, N'Hwy 3 - Whipsaw Bridge to Junction Hwy 5A Princeton', N'Highway 3 (Crowsnest Highway), between Kennedy Lake Rd and Copper Mountain Rd (Princeton)', 3, 116.86, 49.360718627573846, -120.56872841186478, 133.6291864, 49.458285236868605, -120.50493391564409, 5, 41, 18);
INSERT INTO SEG_Segments (ID, RouteID, NameID, Name, SortingOrder, PrimaryMP, PrimaryLatitude, PrimaryLongitude, SecondaryMP, SecondaryLatitude, SecondaryLongitude, RouteSegmentIndex, ParentAreaID, ParentSubAreaID) VALUES (631, 23, N'Hwy 3 - Mine Hill Brake Check to Whipsaw Bridge', N'Highway 3 (Crowsnest Highway), between Saturday Creek and Whipsaw Creek Rd (Princeton)', 2, 111.634, 49.315112039618363, -120.57324776043215, 116.86, 49.360718627573846, -120.56872841186478, 4, 41, 18);
INSERT INTO SEG_Segments (ID, RouteID, NameID, Name, SortingOrder, PrimaryMP, PrimaryLatitude, PrimaryLongitude, SecondaryMP, SecondaryLatitude, SecondaryLongitude, RouteSegmentIndex, ParentAreaID, ParentSubAreaID) VALUES (632, 23, N'Hwy 3 - Kootenay Pass West Avalanche Gt to East Avalanche Gate', N'Highway 3 (Crowsnest Highway), between West Avalanche Gate and West Creston Rd (Kootenay Pass)', 4, 531.349, 49.02656861491311, -117.15154757747949, 549.387, 49.096369943469391, -116.96862966530613, 23, 44, 16);
INSERT INTO SEG_Segments (ID, RouteID, NameID, Name, SortingOrder, PrimaryMP, PrimaryLatitude, PrimaryLongitude, SecondaryMP, SecondaryLatitude, SecondaryLongitude, RouteSegmentIndex, ParentAreaID, ParentSubAreaID) VALUES (633, 23, N'Hwy 3 - Kootenay Pass East Avalanche Gate to Creston', N'Highway 3 (Crowsnest Highway), between East Avalanche Gate (8 miles east of Kootenay Pass) and Cook St (near Creston)', 5, 549.387, 49.096369943469391, -116.96862966530613, 587.7743846, 49.095693014253804, -116.51419971272878, 24, 44, 16);
INSERT INTO SEG_Segments (ID, RouteID, NameID, Name, SortingOrder, PrimaryMP, PrimaryLatitude, PrimaryLongitude, SecondaryMP, SecondaryLatitude, SecondaryLongitude, RouteSegmentIndex, ParentAreaID, ParentSubAreaID) VALUES (634, 61, N'Hwy 5A - Gulliford Lake Rest Area to Junc Hwy 97C', N'Highway 5A, between Gulliford Lake Rest Area (2 miles south of Gulliford Lake Rest Area) and Junction Hwy 97C (1 mile north of Aspen Grove)', 8, 37.532, 49.7506069804259, -120.634500535621, 62.483, 49.9517847780366, -120.616853564203, 2, 42, 21);
INSERT INTO SEG_Segments (ID, RouteID, NameID, Name, SortingOrder, PrimaryMP, PrimaryLatitude, PrimaryLongitude, SecondaryMP, SecondaryLatitude, SecondaryLongitude, RouteSegmentIndex, ParentAreaID, ParentSubAreaID) VALUES (635, 120, N'Hwy 6 EW - Hwy 6/Hwy 97 Junction to Aberdeen Rd', N'Highway 6 EW, between 25 Ave (Vernon) and Aberdeen Rd (Coldstream)', 4, 0, 50.260942643264947, -119.27382645734376, 4.055, 50.2415158660453, -119.229705792661, 1, 41, 19);
INSERT INTO SEG_Segments (ID, RouteID, NameID, Name, SortingOrder, PrimaryMP, PrimaryLatitude, PrimaryLongitude, SecondaryMP, SecondaryLatitude, SecondaryLongitude, RouteSegmentIndex, ParentAreaID, ParentSubAreaID) VALUES (636, 120, N'Hwy 6 EW - Aberdeen Rd to Gibson Rd', N'Highway 6 EW, between Aberdeen Rd (Coldstream) and Gibson Rd (6 miles east of Lumby)', 5, 4.055, 50.2415158660453, -119.229705792661, 32.62, 50.2517390994875, -118.872706906905, 2, 41, 19);
INSERT INTO SEG_Segments (ID, RouteID, NameID, Name, SortingOrder, PrimaryMP, PrimaryLatitude, PrimaryLongitude, SecondaryMP, SecondaryLatitude, SecondaryLongitude, RouteSegmentIndex, ParentAreaID, ParentSubAreaID) VALUES (637, 43, N'Hwy 8 - Junc Hwy 1 to Dot Ranch', N'Highway 8, between the start of Highway 8 (Spences Bridge) and Dot Ranch Cut-Off Rd West (29 miles west of Merritt)', 10, 0, 50.4133016, -121.3591125, 34.788, 50.2300311939417, -121.092043436003, 1, 42, 21);
INSERT INTO SEG_Segments (ID, RouteID, NameID, Name, SortingOrder, PrimaryMP, PrimaryLatitude, PrimaryLongitude, SecondaryMP, SecondaryLatitude, SecondaryLongitude, RouteSegmentIndex, ParentAreaID, ParentSubAreaID) VALUES (638, 43, N'Hwy 8 - Dot Ranch to Exit 286 Junction W/Hwy 5', N'Highway 8, between Dot Ranch Cut-Off Rd West and Junction Highway 5 (Merritt)', 11, 34.788, 50.2300311939417, -121.092043436003, 69.250816345214844, 50.08985341, -120.7489879, 2, 42, 21);
INSERT INTO SEG_Segments (ID, RouteID, NameID, Name, SortingOrder, PrimaryMP, PrimaryLatitude, PrimaryLongitude, SecondaryMP, SecondaryLatitude, SecondaryLongitude, RouteSegmentIndex, ParentAreaID, ParentSubAreaID) VALUES (639, 7, N'Hwy 12 - Lytton to Junc Hwy 99 (Lillooet)', N'Highway 12, between Six Mile Rd (27 miles north of Lytton) and the end of Highway 12 (Lillooet)', 2, 28.1812477, 50.445457307386128, -121.68211506110694, 61.844, 50.68565148, -121.9195439, 2, 48, 24);
INSERT INTO SEG_Segments (ID, RouteID, NameID, Name, SortingOrder, PrimaryMP, PrimaryLatitude, PrimaryLongitude, SecondaryMP, SecondaryLatitude, SecondaryLongitude, RouteSegmentIndex, ParentAreaID, ParentSubAreaID) VALUES (640, 7, N'Hwy 12 - Junc Hwy 1 to Lytton', N'Highway 12, between the start of Highway 12 and Kirbys Flat Rd (Lytton)', 12, 0, 50.22368244, -121.5767226, 28.1812477, 50.445457307386128, -121.68211506110694, 1, 42, 21);
INSERT INTO SEG_Segments (ID, RouteID, NameID, Name, SortingOrder, PrimaryMP, PrimaryLatitude, PrimaryLongitude, SecondaryMP, SecondaryLatitude, SecondaryLongitude, RouteSegmentIndex, ParentAreaID, ParentSubAreaID) VALUES (641, 65, N'Hwy 93 - Radium Hot Springs to Vermilion Crossing', N'Highway 93, between Stanley St (Radium Hot Springs) and Simpson River Trail (36 miles south of British Columbia and Alberta Border)', 17, 170.556, 50.6190537954939, -116.069862500939, 228.569, 50.978288393629, -115.948772505895, 5, 47, 13);
INSERT INTO SEG_Segments (ID, RouteID, NameID, Name, SortingOrder, PrimaryMP, PrimaryLatitude, PrimaryLongitude, SecondaryMP, SecondaryLatitude, SecondaryLongitude, RouteSegmentIndex, ParentAreaID, ParentSubAreaID) VALUES (642, 65, N'Hwy 93 - Vermilion Crossing to BC/AB Border', N'Highway 93, between Simpson River Trail and the end of Highway 93 (British Columbia and Alberta Border)', 18, 228.569, 50.978288393629, -115.948772505895, 264.906, 51.2279164803754, -116.050903498024, 6, 47, 13);
INSERT INTO SEG_Segments (ID, RouteID, NameID, Name, SortingOrder, PrimaryMP, PrimaryLatitude, PrimaryLongitude, SecondaryMP, SecondaryLatitude, SecondaryLongitude, RouteSegmentIndex, ParentAreaID, ParentSubAreaID) VALUES (643, 67, N'Hwy 97 - Westside Rd to Airport Way', N'Highway 97, between William R Bennett Bridge and Airport Way (Kelowna)', 21, 125.115, 49.8795004196554, -119.511077880424, 140.085, 49.9520303627411, -119.386312118071, 7, 41, 18);
INSERT INTO SEG_Segments (ID, RouteID, NameID, Name, SortingOrder, PrimaryMP, PrimaryLatitude, PrimaryLongitude, SecondaryMP, SecondaryLatitude, SecondaryLongitude, RouteSegmentIndex, ParentAreaID, ParentSubAreaID) VALUES (644, 67, N'Hwy 97 - Airport Way to Crystal Waters Rd', N'Highway 97, between Airport Way (Kelowna) and Crystal Waters Rd (13 miles south of Coldstream)', 22, 140.085, 49.9520303627411, -119.386312118071, 161.438, 50.1339159893935, -119.384931573531, 8, 41, 18);
INSERT INTO SEG_Segments (ID, RouteID, NameID, Name, SortingOrder, PrimaryMP, PrimaryLatitude, PrimaryLongitude, SecondaryMP, SecondaryLatitude, SecondaryLongitude, RouteSegmentIndex, ParentAreaID, ParentSubAreaID) VALUES (652, 1, N'Hwy 1 - Abbotsford  to Veddar Canal Bridge', N'Highway 1 (TransCanada Highway), between Riverside Rd and Dyke Crest Rd (Abbotsford)', 2, 266.8875463, 49.033354901911942, -122.26637705239942, 283.607, 49.122389678835169, -122.09762095219418, 25, 50, 6);
INSERT INTO SEG_Segments (ID, RouteID, NameID, Name, SortingOrder, PrimaryMP, PrimaryLatitude, PrimaryLongitude, SecondaryMP, SecondaryLatitude, SecondaryLongitude, RouteSegmentIndex, ParentAreaID, ParentSubAreaID) VALUES (653, 1, N'Hwy 1 - Exit 118 (Chilliwack) to Junc Hwy 9', N'Highway 1 (TransCanada Highway), between Exit 118: Evans Rd and Exit 135 (Chilliwack)', 4, 293.081, 49.1436802148108, -121.977602083819, 310.218, 49.181214546236809, -121.76060905532174, 27, 50, 6);
INSERT INTO SEG_Segments (ID, RouteID, NameID, Name, SortingOrder, PrimaryMP, PrimaryLatitude, PrimaryLongitude, SecondaryMP, SecondaryLatitude, SecondaryLongitude, RouteSegmentIndex, ParentAreaID, ParentSubAreaID) VALUES (654, 1, N'Hwy 1 - Vedder Canal Bridge to Exit 118 (Chilliwack)', N'Highway 1 (TransCanada Highway), between Exit 104: No 3 Rd (near Abbotsford) and Exit 118: Evans Rd (Chilliwack)', 3, 283.607, 49.122389678835169, -122.09762095219418, 293.081, 49.1436802148108, -121.977602083819, 26, 50, 6);
INSERT INTO SEG_Segments (ID, RouteID, NameID, Name, SortingOrder, PrimaryMP, PrimaryLatitude, PrimaryLongitude, SecondaryMP, SecondaryLatitude, SecondaryLongitude, RouteSegmentIndex, ParentAreaID, ParentSubAreaID) VALUES (655, 1, N'Hwy 1 - Junc Hwy 9 to Hunter Creek Rd', N'Highway 1 (TransCanada Highway), between Exit 135 (2 miles east of Chilliwack) and Exit 160: Hunter Creek Rd (1 mile west of Hope)', 5, 310.218, 49.181214546236809, -121.76060905532174, 334.879, 49.3542117732207, -121.579731397467, 28, 50, 6);
INSERT INTO SEG_Segments (ID, RouteID, NameID, Name, SortingOrder, PrimaryMP, PrimaryLatitude, PrimaryLongitude, SecondaryMP, SecondaryLatitude, SecondaryLongitude, RouteSegmentIndex, ParentAreaID, ParentSubAreaID) VALUES (656, 1, N'Hwy 1 - Hunter Creek Rd to Hope', N'Highway 1 (TransCanada Highway), between Exit 160: Hunter Creek Rd and K St (Hope)', 6, 334.879, 49.3542117732207, -121.579731397467, 349.3417176, 49.396162507987711, -121.45714930410112, 29, 50, 6);
INSERT INTO SEG_Segments (ID, RouteID, NameID, Name, SortingOrder, PrimaryMP, PrimaryLatitude, PrimaryLongitude, SecondaryMP, SecondaryLatitude, SecondaryLongitude, RouteSegmentIndex, ParentAreaID, ParentSubAreaID) VALUES (658, 40, N'Hwy 7 - Ruskin to Hatzic', N'Highway 7 (Lougheed Highway), between 287 St (near Maple Ridge) and Sylvester Rd (1 mile east of Mission)', 12, 58.00641, 49.173103762171273, -122.42517666619513, 76.007, 49.1557958, -122.2097378, 4, 50, 6);
INSERT INTO SEG_Segments (ID, RouteID, NameID, Name, SortingOrder, PrimaryMP, PrimaryLatitude, PrimaryLongitude, SecondaryMP, SecondaryLatitude, SecondaryLongitude, RouteSegmentIndex, ParentAreaID, ParentSubAreaID) VALUES (661, 40, N'Hwy 7 - Hatzic to Lake Errock', N'Highway 7 (Lougheed Highway), between Sylvester Rd (1 mile east of Mission) and Holachten Dr (11 miles west of Kent)', 13, 76.007, 49.1557958, -122.2097378, 91.066, 49.201241818767123, -122.0414697260274, 5, 50, 6);
INSERT INTO SEG_Segments (ID, RouteID, NameID, Name, SortingOrder, PrimaryMP, PrimaryLatitude, PrimaryLongitude, SecondaryMP, SecondaryLatitude, SecondaryLongitude, RouteSegmentIndex, ParentAreaID, ParentSubAreaID) VALUES (662, 40, N'Hwy 7 - Lake Errock to Junc Hwy 9', N'Highway 7 (Lougheed Highway), between Brooks Rd and Junction with Highway 9 (Kent)', 14, 91.066, 49.201241818767123, -122.0414697260274, 117.163, 49.2405677030164, -121.766602133853, 6, 50, 6);

INSERT INTO SEG_AreaSegments (AreaID, SegmentID) VALUES (3, 114);
INSERT INTO SEG_AreaSegments (AreaID, SegmentID) VALUES (3, 238);
INSERT INTO SEG_AreaSegments (AreaID, SegmentID) VALUES (3, 239);
INSERT INTO SEG_AreaSegments (AreaID, SegmentID) VALUES (3, 240);
INSERT INTO SEG_AreaSegments (AreaID, SegmentID) VALUES (3, 241);
INSERT INTO SEG_AreaSegments (AreaID, SegmentID) VALUES (3, 242);
INSERT INTO SEG_AreaSegments (AreaID, SegmentID) VALUES (3, 562);
INSERT INTO SEG_AreaSegments (AreaID, SegmentID) VALUES (4, 128);
INSERT INTO SEG_AreaSegments (AreaID, SegmentID) VALUES (4, 129);
INSERT INTO SEG_AreaSegments (AreaID, SegmentID) VALUES (4, 563);
INSERT INTO SEG_AreaSegments (AreaID, SegmentID) VALUES (4, 565);
INSERT INTO SEG_AreaSegments (AreaID, SegmentID) VALUES (4, 566);
INSERT INTO SEG_AreaSegments (AreaID, SegmentID) VALUES (5, 11);
INSERT INTO SEG_AreaSegments (AreaID, SegmentID) VALUES (5, 21);
INSERT INTO SEG_AreaSegments (AreaID, SegmentID) VALUES (5, 22);
INSERT INTO SEG_AreaSegments (AreaID, SegmentID) VALUES (5, 23);
INSERT INTO SEG_AreaSegments (AreaID, SegmentID) VALUES (5, 51);
INSERT INTO SEG_AreaSegments (AreaID, SegmentID) VALUES (5, 52);
INSERT INTO SEG_AreaSegments (AreaID, SegmentID) VALUES (5, 53);
INSERT INTO SEG_AreaSegments (AreaID, SegmentID) VALUES (5, 54);
INSERT INTO SEG_AreaSegments (AreaID, SegmentID) VALUES (5, 55);
INSERT INTO SEG_AreaSegments (AreaID, SegmentID) VALUES (5, 56);
INSERT INTO SEG_AreaSegments (AreaID, SegmentID) VALUES (5, 131);
INSERT INTO SEG_AreaSegments (AreaID, SegmentID) VALUES (5, 133);
INSERT INTO SEG_AreaSegments (AreaID, SegmentID) VALUES (5, 158);
INSERT INTO SEG_AreaSegments (AreaID, SegmentID) VALUES (5, 159);
INSERT INTO SEG_AreaSegments (AreaID, SegmentID) VALUES (5, 178);
INSERT INTO SEG_AreaSegments (AreaID, SegmentID) VALUES (5, 181);
INSERT INTO SEG_AreaSegments (AreaID, SegmentID) VALUES (5, 182);
INSERT INTO SEG_AreaSegments (AreaID, SegmentID) VALUES (5, 234);
INSERT INTO SEG_AreaSegments (AreaID, SegmentID) VALUES (5, 235);
INSERT INTO SEG_AreaSegments (AreaID, SegmentID) VALUES (5, 236);
INSERT INTO SEG_AreaSegments (AreaID, SegmentID) VALUES (5, 237);
INSERT INTO SEG_AreaSegments (AreaID, SegmentID) VALUES (5, 561);
INSERT INTO SEG_AreaSegments (AreaID, SegmentID) VALUES (5, 573);
INSERT INTO SEG_AreaSegments (AreaID, SegmentID) VALUES (5, 574);
INSERT INTO SEG_AreaSegments (AreaID, SegmentID) VALUES (6, 12);
INSERT INTO SEG_AreaSegments (AreaID, SegmentID) VALUES (6, 13);
INSERT INTO SEG_AreaSegments (AreaID, SegmentID) VALUES (6, 14);
INSERT INTO SEG_AreaSegments (AreaID, SegmentID) VALUES (6, 26);
INSERT INTO SEG_AreaSegments (AreaID, SegmentID) VALUES (6, 27);
INSERT INTO SEG_AreaSegments (AreaID, SegmentID) VALUES (6, 179);
INSERT INTO SEG_AreaSegments (AreaID, SegmentID) VALUES (6, 180);
INSERT INTO SEG_AreaSegments (AreaID, SegmentID) VALUES (6, 320);
INSERT INTO SEG_AreaSegments (AreaID, SegmentID) VALUES (6, 575);
INSERT INTO SEG_AreaSegments (AreaID, SegmentID) VALUES (6, 579);
INSERT INTO SEG_AreaSegments (AreaID, SegmentID) VALUES (6, 619);
INSERT INTO SEG_AreaSegments (AreaID, SegmentID) VALUES (6, 652);
INSERT INTO SEG_AreaSegments (AreaID, SegmentID) VALUES (6, 653);
INSERT INTO SEG_AreaSegments (AreaID, SegmentID) VALUES (6, 654);
INSERT INTO SEG_AreaSegments (AreaID, SegmentID) VALUES (6, 655);
INSERT INTO SEG_AreaSegments (AreaID, SegmentID) VALUES (6, 656);
INSERT INTO SEG_AreaSegments (AreaID, SegmentID) VALUES (6, 658);
INSERT INTO SEG_AreaSegments (AreaID, SegmentID) VALUES (6, 661);
INSERT INTO SEG_AreaSegments (AreaID, SegmentID) VALUES (6, 662);
INSERT INTO SEG_AreaSegments (AreaID, SegmentID) VALUES (8, 6);
INSERT INTO SEG_AreaSegments (AreaID, SegmentID) VALUES (8, 45);
INSERT INTO SEG_AreaSegments (AreaID, SegmentID) VALUES (8, 75);
INSERT INTO SEG_AreaSegments (AreaID, SegmentID) VALUES (8, 76);
INSERT INTO SEG_AreaSegments (AreaID, SegmentID) VALUES (8, 77);
INSERT INTO SEG_AreaSegments (AreaID, SegmentID) VALUES (8, 78);
INSERT INTO SEG_AreaSegments (AreaID, SegmentID) VALUES (8, 79);
INSERT INTO SEG_AreaSegments (AreaID, SegmentID) VALUES (8, 80);
INSERT INTO SEG_AreaSegments (AreaID, SegmentID) VALUES (8, 81);
INSERT INTO SEG_AreaSegments (AreaID, SegmentID) VALUES (8, 82);
INSERT INTO SEG_AreaSegments (AreaID, SegmentID) VALUES (8, 83);
INSERT INTO SEG_AreaSegments (AreaID, SegmentID) VALUES (8, 84);
INSERT INTO SEG_AreaSegments (AreaID, SegmentID) VALUES (8, 85);
INSERT INTO SEG_AreaSegments (AreaID, SegmentID) VALUES (8, 86);
INSERT INTO SEG_AreaSegments (AreaID, SegmentID) VALUES (8, 87);
INSERT INTO SEG_AreaSegments (AreaID, SegmentID) VALUES (8, 88);
INSERT INTO SEG_AreaSegments (AreaID, SegmentID) VALUES (8, 89);
INSERT INTO SEG_AreaSegments (AreaID, SegmentID) VALUES (8, 90);
INSERT INTO SEG_AreaSegments (AreaID, SegmentID) VALUES (8, 137);
INSERT INTO SEG_AreaSegments (AreaID, SegmentID) VALUES (8, 156);
INSERT INTO SEG_AreaSegments (AreaID, SegmentID) VALUES (8, 157);
INSERT INTO SEG_AreaSegments (AreaID, SegmentID) VALUES (8, 160);
INSERT INTO SEG_AreaSegments (AreaID, SegmentID) VALUES (8, 161);
INSERT INTO SEG_AreaSegments (AreaID, SegmentID) VALUES (8, 162);
INSERT INTO SEG_AreaSegments (AreaID, SegmentID) VALUES (8, 348);
INSERT INTO SEG_AreaSegments (AreaID, SegmentID) VALUES (8, 349);
INSERT INTO SEG_AreaSegments (AreaID, SegmentID) VALUES (8, 362);
INSERT INTO SEG_AreaSegments (AreaID, SegmentID) VALUES (8, 363);
INSERT INTO SEG_AreaSegments (AreaID, SegmentID) VALUES (8, 364);
INSERT INTO SEG_AreaSegments (AreaID, SegmentID) VALUES (8, 367);
INSERT INTO SEG_AreaSegments (AreaID, SegmentID) VALUES (8, 368);
INSERT INTO SEG_AreaSegments (AreaID, SegmentID) VALUES (9, 73);
INSERT INTO SEG_AreaSegments (AreaID, SegmentID) VALUES (9, 106);
INSERT INTO SEG_AreaSegments (AreaID, SegmentID) VALUES (9, 107);
INSERT INTO SEG_AreaSegments (AreaID, SegmentID) VALUES (9, 138);
INSERT INTO SEG_AreaSegments (AreaID, SegmentID) VALUES (9, 139);
INSERT INTO SEG_AreaSegments (AreaID, SegmentID) VALUES (9, 141);
INSERT INTO SEG_AreaSegments (AreaID, SegmentID) VALUES (9, 170);
INSERT INTO SEG_AreaSegments (AreaID, SegmentID) VALUES (9, 173);
INSERT INTO SEG_AreaSegments (AreaID, SegmentID) VALUES (9, 342);
INSERT INTO SEG_AreaSegments (AreaID, SegmentID) VALUES (9, 343);
INSERT INTO SEG_AreaSegments (AreaID, SegmentID) VALUES (9, 381);
INSERT INTO SEG_AreaSegments (AreaID, SegmentID) VALUES (9, 385);
INSERT INTO SEG_AreaSegments (AreaID, SegmentID) VALUES (9, 491);
INSERT INTO SEG_AreaSegments (AreaID, SegmentID) VALUES (9, 492);

INSERT INTO SEG_AreaSegments (AreaID, SegmentID) VALUES (10, 69);
INSERT INTO SEG_AreaSegments (AreaID, SegmentID) VALUES (10, 70);
INSERT INTO SEG_AreaSegments (AreaID, SegmentID) VALUES (10, 71);
INSERT INTO SEG_AreaSegments (AreaID, SegmentID) VALUES (10, 101);
INSERT INTO SEG_AreaSegments (AreaID, SegmentID) VALUES (10, 102);
INSERT INTO SEG_AreaSegments (AreaID, SegmentID) VALUES (10, 103);
INSERT INTO SEG_AreaSegments (AreaID, SegmentID) VALUES (10, 105);
INSERT INTO SEG_AreaSegments (AreaID, SegmentID) VALUES (10, 125);
INSERT INTO SEG_AreaSegments (AreaID, SegmentID) VALUES (10, 140);
INSERT INTO SEG_AreaSegments (AreaID, SegmentID) VALUES (10, 154);
INSERT INTO SEG_AreaSegments (AreaID, SegmentID) VALUES (10, 166);
INSERT INTO SEG_AreaSegments (AreaID, SegmentID) VALUES (10, 195);
INSERT INTO SEG_AreaSegments (AreaID, SegmentID) VALUES (12, 46);
INSERT INTO SEG_AreaSegments (AreaID, SegmentID) VALUES (12, 47);
INSERT INTO SEG_AreaSegments (AreaID, SegmentID) VALUES (12, 48);
INSERT INTO SEG_AreaSegments (AreaID, SegmentID) VALUES (12, 109);
INSERT INTO SEG_AreaSegments (AreaID, SegmentID) VALUES (12, 164);
INSERT INTO SEG_AreaSegments (AreaID, SegmentID) VALUES (12, 165);
INSERT INTO SEG_AreaSegments (AreaID, SegmentID) VALUES (12, 185);
INSERT INTO SEG_AreaSegments (AreaID, SegmentID) VALUES (12, 186);
INSERT INTO SEG_AreaSegments (AreaID, SegmentID) VALUES (12, 203);
INSERT INTO SEG_AreaSegments (AreaID, SegmentID) VALUES (12, 204);
INSERT INTO SEG_AreaSegments (AreaID, SegmentID) VALUES (12, 205);
INSERT INTO SEG_AreaSegments (AreaID, SegmentID) VALUES (12, 206);
INSERT INTO SEG_AreaSegments (AreaID, SegmentID) VALUES (12, 306);
INSERT INTO SEG_AreaSegments (AreaID, SegmentID) VALUES (12, 431);
INSERT INTO SEG_AreaSegments (AreaID, SegmentID) VALUES (12, 486);
INSERT INTO SEG_AreaSegments (AreaID, SegmentID) VALUES (13, 93);
INSERT INTO SEG_AreaSegments (AreaID, SegmentID) VALUES (13, 183);
INSERT INTO SEG_AreaSegments (AreaID, SegmentID) VALUES (13, 184);
INSERT INTO SEG_AreaSegments (AreaID, SegmentID) VALUES (13, 250);
INSERT INTO SEG_AreaSegments (AreaID, SegmentID) VALUES (13, 251);
INSERT INTO SEG_AreaSegments (AreaID, SegmentID) VALUES (13, 252);
INSERT INTO SEG_AreaSegments (AreaID, SegmentID) VALUES (13, 253);
INSERT INTO SEG_AreaSegments (AreaID, SegmentID) VALUES (13, 335);
INSERT INTO SEG_AreaSegments (AreaID, SegmentID) VALUES (13, 344);
INSERT INTO SEG_AreaSegments (AreaID, SegmentID) VALUES (13, 345);
INSERT INTO SEG_AreaSegments (AreaID, SegmentID) VALUES (13, 549);
INSERT INTO SEG_AreaSegments (AreaID, SegmentID) VALUES (13, 551);
INSERT INTO SEG_AreaSegments (AreaID, SegmentID) VALUES (13, 552);
INSERT INTO SEG_AreaSegments (AreaID, SegmentID) VALUES (13, 554);
INSERT INTO SEG_AreaSegments (AreaID, SegmentID) VALUES (13, 557);
INSERT INTO SEG_AreaSegments (AreaID, SegmentID) VALUES (13, 626);
INSERT INTO SEG_AreaSegments (AreaID, SegmentID) VALUES (13, 627);
INSERT INTO SEG_AreaSegments (AreaID, SegmentID) VALUES (13, 629);
INSERT INTO SEG_AreaSegments (AreaID, SegmentID) VALUES (13, 641);
INSERT INTO SEG_AreaSegments (AreaID, SegmentID) VALUES (13, 642);
INSERT INTO SEG_AreaSegments (AreaID, SegmentID) VALUES (15, 313);
INSERT INTO SEG_AreaSegments (AreaID, SegmentID) VALUES (15, 314);
INSERT INTO SEG_AreaSegments (AreaID, SegmentID) VALUES (15, 315);
INSERT INTO SEG_AreaSegments (AreaID, SegmentID) VALUES (15, 316);
INSERT INTO SEG_AreaSegments (AreaID, SegmentID) VALUES (15, 318);
INSERT INTO SEG_AreaSegments (AreaID, SegmentID) VALUES (15, 319);
INSERT INTO SEG_AreaSegments (AreaID, SegmentID) VALUES (15, 405);
INSERT INTO SEG_AreaSegments (AreaID, SegmentID) VALUES (15, 406);
INSERT INTO SEG_AreaSegments (AreaID, SegmentID) VALUES (15, 408);
INSERT INTO SEG_AreaSegments (AreaID, SegmentID) VALUES (15, 410);
INSERT INTO SEG_AreaSegments (AreaID, SegmentID) VALUES (15, 411);
INSERT INTO SEG_AreaSegments (AreaID, SegmentID) VALUES (15, 412);
INSERT INTO SEG_AreaSegments (AreaID, SegmentID) VALUES (15, 413);
INSERT INTO SEG_AreaSegments (AreaID, SegmentID) VALUES (15, 414);
INSERT INTO SEG_AreaSegments (AreaID, SegmentID) VALUES (15, 415);
INSERT INTO SEG_AreaSegments (AreaID, SegmentID) VALUES (15, 416);
INSERT INTO SEG_AreaSegments (AreaID, SegmentID) VALUES (15, 417);
INSERT INTO SEG_AreaSegments (AreaID, SegmentID) VALUES (15, 418);
INSERT INTO SEG_AreaSegments (AreaID, SegmentID) VALUES (15, 420);
INSERT INTO SEG_AreaSegments (AreaID, SegmentID) VALUES (15, 421);
INSERT INTO SEG_AreaSegments (AreaID, SegmentID) VALUES (15, 459);
INSERT INTO SEG_AreaSegments (AreaID, SegmentID) VALUES (16, 422);
INSERT INTO SEG_AreaSegments (AreaID, SegmentID) VALUES (16, 423);
INSERT INTO SEG_AreaSegments (AreaID, SegmentID) VALUES (16, 424);
INSERT INTO SEG_AreaSegments (AreaID, SegmentID) VALUES (16, 425);
INSERT INTO SEG_AreaSegments (AreaID, SegmentID) VALUES (16, 426);
INSERT INTO SEG_AreaSegments (AreaID, SegmentID) VALUES (16, 427);
INSERT INTO SEG_AreaSegments (AreaID, SegmentID) VALUES (16, 430);
INSERT INTO SEG_AreaSegments (AreaID, SegmentID) VALUES (16, 432);
INSERT INTO SEG_AreaSegments (AreaID, SegmentID) VALUES (16, 433);
INSERT INTO SEG_AreaSegments (AreaID, SegmentID) VALUES (16, 434);
INSERT INTO SEG_AreaSegments (AreaID, SegmentID) VALUES (16, 435);
INSERT INTO SEG_AreaSegments (AreaID, SegmentID) VALUES (16, 436);
INSERT INTO SEG_AreaSegments (AreaID, SegmentID) VALUES (16, 437);
INSERT INTO SEG_AreaSegments (AreaID, SegmentID) VALUES (16, 438);
INSERT INTO SEG_AreaSegments (AreaID, SegmentID) VALUES (16, 439);
INSERT INTO SEG_AreaSegments (AreaID, SegmentID) VALUES (16, 440);
INSERT INTO SEG_AreaSegments (AreaID, SegmentID) VALUES (16, 441);
INSERT INTO SEG_AreaSegments (AreaID, SegmentID) VALUES (16, 442);
INSERT INTO SEG_AreaSegments (AreaID, SegmentID) VALUES (16, 443);
INSERT INTO SEG_AreaSegments (AreaID, SegmentID) VALUES (16, 444);
INSERT INTO SEG_AreaSegments (AreaID, SegmentID) VALUES (16, 445);
INSERT INTO SEG_AreaSegments (AreaID, SegmentID) VALUES (16, 446);
INSERT INTO SEG_AreaSegments (AreaID, SegmentID) VALUES (16, 447);
INSERT INTO SEG_AreaSegments (AreaID, SegmentID) VALUES (16, 448);
INSERT INTO SEG_AreaSegments (AreaID, SegmentID) VALUES (16, 449);
INSERT INTO SEG_AreaSegments (AreaID, SegmentID) VALUES (16, 465);
INSERT INTO SEG_AreaSegments (AreaID, SegmentID) VALUES (16, 632);
INSERT INTO SEG_AreaSegments (AreaID, SegmentID) VALUES (16, 633);
INSERT INTO SEG_AreaSegments (AreaID, SegmentID) VALUES (18, 10);
INSERT INTO SEG_AreaSegments (AreaID, SegmentID) VALUES (18, 18);
INSERT INTO SEG_AreaSegments (AreaID, SegmentID) VALUES (18, 207);
INSERT INTO SEG_AreaSegments (AreaID, SegmentID) VALUES (18, 208);

INSERT INTO SEG_AreaSegments (AreaID, SegmentID) VALUES (18, 209);
INSERT INTO SEG_AreaSegments (AreaID, SegmentID) VALUES (18, 369);
INSERT INTO SEG_AreaSegments (AreaID, SegmentID) VALUES (18, 371);
INSERT INTO SEG_AreaSegments (AreaID, SegmentID) VALUES (18, 372);
INSERT INTO SEG_AreaSegments (AreaID, SegmentID) VALUES (18, 373);
INSERT INTO SEG_AreaSegments (AreaID, SegmentID) VALUES (18, 374);
INSERT INTO SEG_AreaSegments (AreaID, SegmentID) VALUES (18, 378);
INSERT INTO SEG_AreaSegments (AreaID, SegmentID) VALUES (18, 379);
INSERT INTO SEG_AreaSegments (AreaID, SegmentID) VALUES (18, 404);
INSERT INTO SEG_AreaSegments (AreaID, SegmentID) VALUES (18, 456);
INSERT INTO SEG_AreaSegments (AreaID, SegmentID) VALUES (18, 457);
INSERT INTO SEG_AreaSegments (AreaID, SegmentID) VALUES (18, 458);
INSERT INTO SEG_AreaSegments (AreaID, SegmentID) VALUES (18, 460);
INSERT INTO SEG_AreaSegments (AreaID, SegmentID) VALUES (18, 461);
INSERT INTO SEG_AreaSegments (AreaID, SegmentID) VALUES (18, 466);
INSERT INTO SEG_AreaSegments (AreaID, SegmentID) VALUES (18, 467);
INSERT INTO SEG_AreaSegments (AreaID, SegmentID) VALUES (18, 523);
INSERT INTO SEG_AreaSegments (AreaID, SegmentID) VALUES (18, 630);
INSERT INTO SEG_AreaSegments (AreaID, SegmentID) VALUES (18, 631);
INSERT INTO SEG_AreaSegments (AreaID, SegmentID) VALUES (18, 643);
INSERT INTO SEG_AreaSegments (AreaID, SegmentID) VALUES (18, 644);
INSERT INTO SEG_AreaSegments (AreaID, SegmentID) VALUES (19, 49);
INSERT INTO SEG_AreaSegments (AreaID, SegmentID) VALUES (19, 50);
INSERT INTO SEG_AreaSegments (AreaID, SegmentID) VALUES (19, 187);
INSERT INTO SEG_AreaSegments (AreaID, SegmentID) VALUES (19, 188);
INSERT INTO SEG_AreaSegments (AreaID, SegmentID) VALUES (19, 189);
INSERT INTO SEG_AreaSegments (AreaID, SegmentID) VALUES (19, 190);
INSERT INTO SEG_AreaSegments (AreaID, SegmentID) VALUES (19, 200);
INSERT INTO SEG_AreaSegments (AreaID, SegmentID) VALUES (19, 213);
INSERT INTO SEG_AreaSegments (AreaID, SegmentID) VALUES (19, 451);
INSERT INTO SEG_AreaSegments (AreaID, SegmentID) VALUES (19, 452);
INSERT INTO SEG_AreaSegments (AreaID, SegmentID) VALUES (19, 463);
INSERT INTO SEG_AreaSegments (AreaID, SegmentID) VALUES (19, 628);
INSERT INTO SEG_AreaSegments (AreaID, SegmentID) VALUES (19, 635);
INSERT INTO SEG_AreaSegments (AreaID, SegmentID) VALUES (19, 636);
INSERT INTO SEG_AreaSegments (AreaID, SegmentID) VALUES (21, 334);
INSERT INTO SEG_AreaSegments (AreaID, SegmentID) VALUES (21, 468);
INSERT INTO SEG_AreaSegments (AreaID, SegmentID) VALUES (21, 469);
INSERT INTO SEG_AreaSegments (AreaID, SegmentID) VALUES (21, 470);
INSERT INTO SEG_AreaSegments (AreaID, SegmentID) VALUES (21, 522);
INSERT INTO SEG_AreaSegments (AreaID, SegmentID) VALUES (21, 584);
INSERT INTO SEG_AreaSegments (AreaID, SegmentID) VALUES (21, 585);
INSERT INTO SEG_AreaSegments (AreaID, SegmentID) VALUES (21, 586);
INSERT INTO SEG_AreaSegments (AreaID, SegmentID) VALUES (21, 587);
INSERT INTO SEG_AreaSegments (AreaID, SegmentID) VALUES (21, 615);
INSERT INTO SEG_AreaSegments (AreaID, SegmentID) VALUES (21, 617);
INSERT INTO SEG_AreaSegments (AreaID, SegmentID) VALUES (21, 618);
INSERT INTO SEG_AreaSegments (AreaID, SegmentID) VALUES (21, 621);
INSERT INTO SEG_AreaSegments (AreaID, SegmentID) VALUES (21, 622);
INSERT INTO SEG_AreaSegments (AreaID, SegmentID) VALUES (21, 634);
INSERT INTO SEG_AreaSegments (AreaID, SegmentID) VALUES (21, 637);
INSERT INTO SEG_AreaSegments (AreaID, SegmentID) VALUES (21, 638);
INSERT INTO SEG_AreaSegments (AreaID, SegmentID) VALUES (21, 640);
INSERT INTO SEG_AreaSegments (AreaID, SegmentID) VALUES (22, 31);
INSERT INTO SEG_AreaSegments (AreaID, SegmentID) VALUES (22, 61);
INSERT INTO SEG_AreaSegments (AreaID, SegmentID) VALUES (22, 525);
INSERT INTO SEG_AreaSegments (AreaID, SegmentID) VALUES (22, 599);
INSERT INTO SEG_AreaSegments (AreaID, SegmentID) VALUES (22, 600);
INSERT INTO SEG_AreaSegments (AreaID, SegmentID) VALUES (22, 603);
INSERT INTO SEG_AreaSegments (AreaID, SegmentID) VALUES (22, 605);
INSERT INTO SEG_AreaSegments (AreaID, SegmentID) VALUES (22, 624);
INSERT INTO SEG_AreaSegments (AreaID, SegmentID) VALUES (22, 625);
INSERT INTO SEG_AreaSegments (AreaID, SegmentID) VALUES (24, 8);
INSERT INTO SEG_AreaSegments (AreaID, SegmentID) VALUES (24, 62);
INSERT INTO SEG_AreaSegments (AreaID, SegmentID) VALUES (24, 63);
INSERT INTO SEG_AreaSegments (AreaID, SegmentID) VALUES (24, 197);
INSERT INTO SEG_AreaSegments (AreaID, SegmentID) VALUES (24, 214);
INSERT INTO SEG_AreaSegments (AreaID, SegmentID) VALUES (24, 215);
INSERT INTO SEG_AreaSegments (AreaID, SegmentID) VALUES (24, 216);
INSERT INTO SEG_AreaSegments (AreaID, SegmentID) VALUES (24, 217);
INSERT INTO SEG_AreaSegments (AreaID, SegmentID) VALUES (24, 218);
INSERT INTO SEG_AreaSegments (AreaID, SegmentID) VALUES (24, 243);
INSERT INTO SEG_AreaSegments (AreaID, SegmentID) VALUES (24, 244);
INSERT INTO SEG_AreaSegments (AreaID, SegmentID) VALUES (24, 245);
INSERT INTO SEG_AreaSegments (AreaID, SegmentID) VALUES (24, 326);
INSERT INTO SEG_AreaSegments (AreaID, SegmentID) VALUES (24, 472);
INSERT INTO SEG_AreaSegments (AreaID, SegmentID) VALUES (24, 639);
INSERT INTO SEG_AreaSegments (AreaID, SegmentID) VALUES (25, 41);
INSERT INTO SEG_AreaSegments (AreaID, SegmentID) VALUES (25, 124);
INSERT INTO SEG_AreaSegments (AreaID, SegmentID) VALUES (25, 143);
INSERT INTO SEG_AreaSegments (AreaID, SegmentID) VALUES (25, 144);
INSERT INTO SEG_AreaSegments (AreaID, SegmentID) VALUES (25, 145);
INSERT INTO SEG_AreaSegments (AreaID, SegmentID) VALUES (25, 146);
INSERT INTO SEG_AreaSegments (AreaID, SegmentID) VALUES (25, 147);
INSERT INTO SEG_AreaSegments (AreaID, SegmentID) VALUES (25, 148);
INSERT INTO SEG_AreaSegments (AreaID, SegmentID) VALUES (25, 149);
INSERT INTO SEG_AreaSegments (AreaID, SegmentID) VALUES (25, 150);
INSERT INTO SEG_AreaSegments (AreaID, SegmentID) VALUES (25, 193);
INSERT INTO SEG_AreaSegments (AreaID, SegmentID) VALUES (25, 194);
INSERT INTO SEG_AreaSegments (AreaID, SegmentID) VALUES (25, 196);
INSERT INTO SEG_AreaSegments (AreaID, SegmentID) VALUES (25, 219);
INSERT INTO SEG_AreaSegments (AreaID, SegmentID) VALUES (25, 220);
INSERT INTO SEG_AreaSegments (AreaID, SegmentID) VALUES (26, 68);
INSERT INTO SEG_AreaSegments (AreaID, SegmentID) VALUES (26, 118);
INSERT INTO SEG_AreaSegments (AreaID, SegmentID) VALUES (26, 153);
INSERT INTO SEG_AreaSegments (AreaID, SegmentID) VALUES (26, 221);
INSERT INTO SEG_AreaSegments (AreaID, SegmentID) VALUES (26, 350);
INSERT INTO SEG_AreaSegments (AreaID, SegmentID) VALUES (26, 351);
INSERT INTO SEG_AreaSegments (AreaID, SegmentID) VALUES (26, 352);
INSERT INTO SEG_AreaSegments (AreaID, SegmentID) VALUES (26, 353);

INSERT INTO SEG_AreaSegments (AreaID, SegmentID) VALUES (26, 355);
INSERT INTO SEG_AreaSegments (AreaID, SegmentID) VALUES (26, 356);
INSERT INTO SEG_AreaSegments (AreaID, SegmentID) VALUES (26, 357);
INSERT INTO SEG_AreaSegments (AreaID, SegmentID) VALUES (26, 380);
INSERT INTO SEG_AreaSegments (AreaID, SegmentID) VALUES (28, 28);
INSERT INTO SEG_AreaSegments (AreaID, SegmentID) VALUES (28, 29);
INSERT INTO SEG_AreaSegments (AreaID, SegmentID) VALUES (28, 30);
INSERT INTO SEG_AreaSegments (AreaID, SegmentID) VALUES (28, 91);
INSERT INTO SEG_AreaSegments (AreaID, SegmentID) VALUES (28, 172);
INSERT INTO SEG_AreaSegments (AreaID, SegmentID) VALUES (28, 174);
INSERT INTO SEG_AreaSegments (AreaID, SegmentID) VALUES (28, 222);
INSERT INTO SEG_AreaSegments (AreaID, SegmentID) VALUES (28, 223);
INSERT INTO SEG_AreaSegments (AreaID, SegmentID) VALUES (28, 224);
INSERT INTO SEG_AreaSegments (AreaID, SegmentID) VALUES (28, 225);
INSERT INTO SEG_AreaSegments (AreaID, SegmentID) VALUES (28, 263);
INSERT INTO SEG_AreaSegments (AreaID, SegmentID) VALUES (28, 264);
INSERT INTO SEG_AreaSegments (AreaID, SegmentID) VALUES (28, 265);
INSERT INTO SEG_AreaSegments (AreaID, SegmentID) VALUES (28, 267);
INSERT INTO SEG_AreaSegments (AreaID, SegmentID) VALUES (28, 268);
INSERT INTO SEG_AreaSegments (AreaID, SegmentID) VALUES (28, 269);
INSERT INTO SEG_AreaSegments (AreaID, SegmentID) VALUES (28, 483);
INSERT INTO SEG_AreaSegments (AreaID, SegmentID) VALUES (28, 484);
INSERT INTO SEG_AreaSegments (AreaID, SegmentID) VALUES (29, 121);
INSERT INTO SEG_AreaSegments (AreaID, SegmentID) VALUES (29, 122);
INSERT INTO SEG_AreaSegments (AreaID, SegmentID) VALUES (29, 226);
INSERT INTO SEG_AreaSegments (AreaID, SegmentID) VALUES (29, 228);
INSERT INTO SEG_AreaSegments (AreaID, SegmentID) VALUES (29, 274);
INSERT INTO SEG_AreaSegments (AreaID, SegmentID) VALUES (29, 275);
INSERT INTO SEG_AreaSegments (AreaID, SegmentID) VALUES (29, 375);
INSERT INTO SEG_AreaSegments (AreaID, SegmentID) VALUES (29, 376);
INSERT INTO SEG_AreaSegments (AreaID, SegmentID) VALUES (31, 256);
INSERT INTO SEG_AreaSegments (AreaID, SegmentID) VALUES (31, 257);
INSERT INTO SEG_AreaSegments (AreaID, SegmentID) VALUES (31, 258);
INSERT INTO SEG_AreaSegments (AreaID, SegmentID) VALUES (31, 259);
INSERT INTO SEG_AreaSegments (AreaID, SegmentID) VALUES (31, 261);
INSERT INTO SEG_AreaSegments (AreaID, SegmentID) VALUES (31, 262);
INSERT INTO SEG_AreaSegments (AreaID, SegmentID) VALUES (31, 266);
INSERT INTO SEG_AreaSegments (AreaID, SegmentID) VALUES (31, 302);
INSERT INTO SEG_AreaSegments (AreaID, SegmentID) VALUES (31, 321);
INSERT INTO SEG_AreaSegments (AreaID, SegmentID) VALUES (31, 322);
INSERT INTO SEG_AreaSegments (AreaID, SegmentID) VALUES (32, 110);
INSERT INTO SEG_AreaSegments (AreaID, SegmentID) VALUES (32, 111);
INSERT INTO SEG_AreaSegments (AreaID, SegmentID) VALUES (32, 478);
INSERT INTO SEG_AreaSegments (AreaID, SegmentID) VALUES (32, 480);
INSERT INTO SEG_AreaSegments (AreaID, SegmentID) VALUES (32, 481);
INSERT INTO SEG_AreaSegments (AreaID, SegmentID) VALUES (32, 607);
INSERT INTO SEG_AreaSegments (AreaID, SegmentID) VALUES (32, 609);
INSERT INTO SEG_AreaSegments (AreaID, SegmentID) VALUES (32, 611);
INSERT INTO SEG_AreaSegments (AreaID, SegmentID) VALUES (32, 612);
INSERT INTO SEG_AreaSegments (AreaID, SegmentID) VALUES (33, 301);
INSERT INTO SEG_AreaSegments (AreaID, SegmentID) VALUES (33, 358);
INSERT INTO SEG_AreaSegments (AreaID, SegmentID) VALUES (33, 359);
INSERT INTO SEG_AreaSegments (AreaID, SegmentID) VALUES (33, 360);
INSERT INTO SEG_AreaSegments (AreaID, SegmentID) VALUES (33, 361);
INSERT INTO SEG_AreaSegments (AreaID, SegmentID) VALUES (35, 130);
INSERT INTO SEG_AreaSegments (AreaID, SegmentID) VALUES (35, 167);
INSERT INTO SEG_AreaSegments (AreaID, SegmentID) VALUES (35, 276);
INSERT INTO SEG_AreaSegments (AreaID, SegmentID) VALUES (35, 277);
INSERT INTO SEG_AreaSegments (AreaID, SegmentID) VALUES (35, 278);
INSERT INTO SEG_AreaSegments (AreaID, SegmentID) VALUES (35, 303);
INSERT INTO SEG_AreaSegments (AreaID, SegmentID) VALUES (36, 279);
INSERT INTO SEG_AreaSegments (AreaID, SegmentID) VALUES (36, 280);
INSERT INTO SEG_AreaSegments (AreaID, SegmentID) VALUES (36, 281);
INSERT INTO SEG_AreaSegments (AreaID, SegmentID) VALUES (36, 534);
INSERT INTO SEG_AreaSegments (AreaID, SegmentID) VALUES (36, 535);
INSERT INTO SEG_AreaSegments (AreaID, SegmentID) VALUES (36, 536);
INSERT INTO SEG_AreaSegments (AreaID, SegmentID) VALUES (36, 537);
INSERT INTO SEG_AreaSegments (AreaID, SegmentID) VALUES (36, 545);
INSERT INTO SEG_AreaSegments (AreaID, SegmentID) VALUES (36, 546);
INSERT INTO SEG_AreaSegments (AreaID, SegmentID) VALUES (36, 547);
INSERT INTO SEG_AreaSegments (AreaID, SegmentID) VALUES (36, 548);
INSERT INTO SEG_AreaSegments (AreaID, SegmentID) VALUES (37, 100);
INSERT INTO SEG_AreaSegments (AreaID, SegmentID) VALUES (37, 198);
INSERT INTO SEG_AreaSegments (AreaID, SegmentID) VALUES (37, 464);
INSERT INTO SEG_AreaSegments (AreaID, SegmentID) VALUES (37, 533);
INSERT INTO SEG_AreaSegments (AreaID, SegmentID) VALUES (37, 538);
INSERT INTO SEG_AreaSegments (AreaID, SegmentID) VALUES (37, 539);
INSERT INTO SEG_AreaSegments (AreaID, SegmentID) VALUES (37, 540);
INSERT INTO SEG_AreaSegments (AreaID, SegmentID) VALUES (37, 541);
INSERT INTO SEG_AreaSegments (AreaID, SegmentID) VALUES (37, 542);
INSERT INTO SEG_AreaSegments (AreaID, SegmentID) VALUES (37, 543);
INSERT INTO SEG_AreaSegments (AreaID, SegmentID) VALUES (37, 544);
INSERT INTO SEG_AreaSegments (AreaID, SegmentID) VALUES (39, 284);
INSERT INTO SEG_AreaSegments (AreaID, SegmentID) VALUES (39, 285);
INSERT INTO SEG_AreaSegments (AreaID, SegmentID) VALUES (39, 286);
INSERT INTO SEG_AreaSegments (AreaID, SegmentID) VALUES (39, 309);
INSERT INTO SEG_AreaSegments (AreaID, SegmentID) VALUES (39, 310);
INSERT INTO SEG_AreaSegments (AreaID, SegmentID) VALUES (39, 526);
INSERT INTO SEG_AreaSegments (AreaID, SegmentID) VALUES (40, 17);
INSERT INTO SEG_AreaSegments (AreaID, SegmentID) VALUES (40, 134);
INSERT INTO SEG_AreaSegments (AreaID, SegmentID) VALUES (40, 287);
INSERT INTO SEG_AreaSegments (AreaID, SegmentID) VALUES (40, 288);
INSERT INTO SEG_AreaSegments (AreaID, SegmentID) VALUES (40, 289);
INSERT INTO SEG_AreaSegments (AreaID, SegmentID) VALUES (40, 290);
INSERT INTO SEG_AreaSegments (AreaID, SegmentID) VALUES (40, 419);
INSERT INTO SEG_AreaSegments (AreaID, SegmentID) VALUES (41, 10);
INSERT INTO SEG_AreaSegments (AreaID, SegmentID) VALUES (41, 18);
INSERT INTO SEG_AreaSegments (AreaID, SegmentID) VALUES (41, 49);
INSERT INTO SEG_AreaSegments (AreaID, SegmentID) VALUES (41, 50);
INSERT INTO SEG_AreaSegments (AreaID, SegmentID) VALUES (41, 187);

INSERT INTO SEG_AreaSegments (AreaID, SegmentID) VALUES (41, 188);
INSERT INTO SEG_AreaSegments (AreaID, SegmentID) VALUES (41, 189);
INSERT INTO SEG_AreaSegments (AreaID, SegmentID) VALUES (41, 190);
INSERT INTO SEG_AreaSegments (AreaID, SegmentID) VALUES (41, 200);
INSERT INTO SEG_AreaSegments (AreaID, SegmentID) VALUES (41, 207);
INSERT INTO SEG_AreaSegments (AreaID, SegmentID) VALUES (41, 208);
INSERT INTO SEG_AreaSegments (AreaID, SegmentID) VALUES (41, 209);
INSERT INTO SEG_AreaSegments (AreaID, SegmentID) VALUES (41, 213);
INSERT INTO SEG_AreaSegments (AreaID, SegmentID) VALUES (41, 369);
INSERT INTO SEG_AreaSegments (AreaID, SegmentID) VALUES (41, 371);
INSERT INTO SEG_AreaSegments (AreaID, SegmentID) VALUES (41, 372);
INSERT INTO SEG_AreaSegments (AreaID, SegmentID) VALUES (41, 373);
INSERT INTO SEG_AreaSegments (AreaID, SegmentID) VALUES (41, 374);
INSERT INTO SEG_AreaSegments (AreaID, SegmentID) VALUES (41, 378);
INSERT INTO SEG_AreaSegments (AreaID, SegmentID) VALUES (41, 379);
INSERT INTO SEG_AreaSegments (AreaID, SegmentID) VALUES (41, 404);
INSERT INTO SEG_AreaSegments (AreaID, SegmentID) VALUES (41, 451);
INSERT INTO SEG_AreaSegments (AreaID, SegmentID) VALUES (41, 452);
INSERT INTO SEG_AreaSegments (AreaID, SegmentID) VALUES (41, 456);
INSERT INTO SEG_AreaSegments (AreaID, SegmentID) VALUES (41, 457);
INSERT INTO SEG_AreaSegments (AreaID, SegmentID) VALUES (41, 458);
INSERT INTO SEG_AreaSegments (AreaID, SegmentID) VALUES (41, 460);
INSERT INTO SEG_AreaSegments (AreaID, SegmentID) VALUES (41, 461);
INSERT INTO SEG_AreaSegments (AreaID, SegmentID) VALUES (41, 463);
INSERT INTO SEG_AreaSegments (AreaID, SegmentID) VALUES (41, 466);
INSERT INTO SEG_AreaSegments (AreaID, SegmentID) VALUES (41, 467);
INSERT INTO SEG_AreaSegments (AreaID, SegmentID) VALUES (41, 523);
INSERT INTO SEG_AreaSegments (AreaID, SegmentID) VALUES (41, 628);
INSERT INTO SEG_AreaSegments (AreaID, SegmentID) VALUES (41, 630);
INSERT INTO SEG_AreaSegments (AreaID, SegmentID) VALUES (41, 631);
INSERT INTO SEG_AreaSegments (AreaID, SegmentID) VALUES (41, 635);
INSERT INTO SEG_AreaSegments (AreaID, SegmentID) VALUES (41, 636);
INSERT INTO SEG_AreaSegments (AreaID, SegmentID) VALUES (41, 643);
INSERT INTO SEG_AreaSegments (AreaID, SegmentID) VALUES (41, 644);
INSERT INTO SEG_AreaSegments (AreaID, SegmentID) VALUES (42, 31);
INSERT INTO SEG_AreaSegments (AreaID, SegmentID) VALUES (42, 61);
INSERT INTO SEG_AreaSegments (AreaID, SegmentID) VALUES (42, 334);
INSERT INTO SEG_AreaSegments (AreaID, SegmentID) VALUES (42, 468);
INSERT INTO SEG_AreaSegments (AreaID, SegmentID) VALUES (42, 469);
INSERT INTO SEG_AreaSegments (AreaID, SegmentID) VALUES (42, 470);
INSERT INTO SEG_AreaSegments (AreaID, SegmentID) VALUES (42, 522);
INSERT INTO SEG_AreaSegments (AreaID, SegmentID) VALUES (42, 525);
INSERT INTO SEG_AreaSegments (AreaID, SegmentID) VALUES (42, 584);
INSERT INTO SEG_AreaSegments (AreaID, SegmentID) VALUES (42, 585);
INSERT INTO SEG_AreaSegments (AreaID, SegmentID) VALUES (42, 586);
INSERT INTO SEG_AreaSegments (AreaID, SegmentID) VALUES (42, 587);
INSERT INTO SEG_AreaSegments (AreaID, SegmentID) VALUES (42, 599);
INSERT INTO SEG_AreaSegments (AreaID, SegmentID) VALUES (42, 600);
INSERT INTO SEG_AreaSegments (AreaID, SegmentID) VALUES (42, 603);
INSERT INTO SEG_AreaSegments (AreaID, SegmentID) VALUES (42, 605);
INSERT INTO SEG_AreaSegments (AreaID, SegmentID) VALUES (42, 615);
INSERT INTO SEG_AreaSegments (AreaID, SegmentID) VALUES (42, 617);
INSERT INTO SEG_AreaSegments (AreaID, SegmentID) VALUES (42, 618);
INSERT INTO SEG_AreaSegments (AreaID, SegmentID) VALUES (42, 621);
INSERT INTO SEG_AreaSegments (AreaID, SegmentID) VALUES (42, 622);
INSERT INTO SEG_AreaSegments (AreaID, SegmentID) VALUES (42, 624);
INSERT INTO SEG_AreaSegments (AreaID, SegmentID) VALUES (42, 625);
INSERT INTO SEG_AreaSegments (AreaID, SegmentID) VALUES (42, 634);
INSERT INTO SEG_AreaSegments (AreaID, SegmentID) VALUES (42, 637);
INSERT INTO SEG_AreaSegments (AreaID, SegmentID) VALUES (42, 638);
INSERT INTO SEG_AreaSegments (AreaID, SegmentID) VALUES (42, 640);
INSERT INTO SEG_AreaSegments (AreaID, SegmentID) VALUES (43, 100);
INSERT INTO SEG_AreaSegments (AreaID, SegmentID) VALUES (43, 130);
INSERT INTO SEG_AreaSegments (AreaID, SegmentID) VALUES (43, 167);
INSERT INTO SEG_AreaSegments (AreaID, SegmentID) VALUES (43, 198);
INSERT INTO SEG_AreaSegments (AreaID, SegmentID) VALUES (43, 276);
INSERT INTO SEG_AreaSegments (AreaID, SegmentID) VALUES (43, 277);
INSERT INTO SEG_AreaSegments (AreaID, SegmentID) VALUES (43, 278);
INSERT INTO SEG_AreaSegments (AreaID, SegmentID) VALUES (43, 279);
INSERT INTO SEG_AreaSegments (AreaID, SegmentID) VALUES (43, 280);
INSERT INTO SEG_AreaSegments (AreaID, SegmentID) VALUES (43, 281);
INSERT INTO SEG_AreaSegments (AreaID, SegmentID) VALUES (43, 303);
INSERT INTO SEG_AreaSegments (AreaID, SegmentID) VALUES (43, 464);
INSERT INTO SEG_AreaSegments (AreaID, SegmentID) VALUES (43, 533);
INSERT INTO SEG_AreaSegments (AreaID, SegmentID) VALUES (43, 534);
INSERT INTO SEG_AreaSegments (AreaID, SegmentID) VALUES (43, 535);
INSERT INTO SEG_AreaSegments (AreaID, SegmentID) VALUES (43, 536);
INSERT INTO SEG_AreaSegments (AreaID, SegmentID) VALUES (43, 537);
INSERT INTO SEG_AreaSegments (AreaID, SegmentID) VALUES (43, 538);
INSERT INTO SEG_AreaSegments (AreaID, SegmentID) VALUES (43, 539);
INSERT INTO SEG_AreaSegments (AreaID, SegmentID) VALUES (43, 540);
INSERT INTO SEG_AreaSegments (AreaID, SegmentID) VALUES (43, 541);
INSERT INTO SEG_AreaSegments (AreaID, SegmentID) VALUES (43, 542);
INSERT INTO SEG_AreaSegments (AreaID, SegmentID) VALUES (43, 543);
INSERT INTO SEG_AreaSegments (AreaID, SegmentID) VALUES (43, 544);
INSERT INTO SEG_AreaSegments (AreaID, SegmentID) VALUES (43, 545);
INSERT INTO SEG_AreaSegments (AreaID, SegmentID) VALUES (43, 546);
INSERT INTO SEG_AreaSegments (AreaID, SegmentID) VALUES (43, 547);
INSERT INTO SEG_AreaSegments (AreaID, SegmentID) VALUES (43, 548);
INSERT INTO SEG_AreaSegments (AreaID, SegmentID) VALUES (44, 313);
INSERT INTO SEG_AreaSegments (AreaID, SegmentID) VALUES (44, 314);
INSERT INTO SEG_AreaSegments (AreaID, SegmentID) VALUES (44, 315);
INSERT INTO SEG_AreaSegments (AreaID, SegmentID) VALUES (44, 316);
INSERT INTO SEG_AreaSegments (AreaID, SegmentID) VALUES (44, 318);
INSERT INTO SEG_AreaSegments (AreaID, SegmentID) VALUES (44, 319);
INSERT INTO SEG_AreaSegments (AreaID, SegmentID) VALUES (44, 405);
INSERT INTO SEG_AreaSegments (AreaID, SegmentID) VALUES (44, 406);
INSERT INTO SEG_AreaSegments (AreaID, SegmentID) VALUES (44, 408);
INSERT INTO SEG_AreaSegments (AreaID, SegmentID) VALUES (44, 410);
INSERT INTO SEG_AreaSegments (AreaID, SegmentID) VALUES (44, 411);

INSERT INTO SEG_AreaSegments (AreaID, SegmentID) VALUES (44, 412);
INSERT INTO SEG_AreaSegments (AreaID, SegmentID) VALUES (44, 413);
INSERT INTO SEG_AreaSegments (AreaID, SegmentID) VALUES (44, 414);
INSERT INTO SEG_AreaSegments (AreaID, SegmentID) VALUES (44, 415);
INSERT INTO SEG_AreaSegments (AreaID, SegmentID) VALUES (44, 416);
INSERT INTO SEG_AreaSegments (AreaID, SegmentID) VALUES (44, 417);
INSERT INTO SEG_AreaSegments (AreaID, SegmentID) VALUES (44, 418);
INSERT INTO SEG_AreaSegments (AreaID, SegmentID) VALUES (44, 420);
INSERT INTO SEG_AreaSegments (AreaID, SegmentID) VALUES (44, 421);
INSERT INTO SEG_AreaSegments (AreaID, SegmentID) VALUES (44, 422);
INSERT INTO SEG_AreaSegments (AreaID, SegmentID) VALUES (44, 423);
INSERT INTO SEG_AreaSegments (AreaID, SegmentID) VALUES (44, 424);
INSERT INTO SEG_AreaSegments (AreaID, SegmentID) VALUES (44, 425);
INSERT INTO SEG_AreaSegments (AreaID, SegmentID) VALUES (44, 426);
INSERT INTO SEG_AreaSegments (AreaID, SegmentID) VALUES (44, 427);
INSERT INTO SEG_AreaSegments (AreaID, SegmentID) VALUES (44, 430);
INSERT INTO SEG_AreaSegments (AreaID, SegmentID) VALUES (44, 432);
INSERT INTO SEG_AreaSegments (AreaID, SegmentID) VALUES (44, 433);
INSERT INTO SEG_AreaSegments (AreaID, SegmentID) VALUES (44, 434);
INSERT INTO SEG_AreaSegments (AreaID, SegmentID) VALUES (44, 435);
INSERT INTO SEG_AreaSegments (AreaID, SegmentID) VALUES (44, 436);
INSERT INTO SEG_AreaSegments (AreaID, SegmentID) VALUES (44, 437);
INSERT INTO SEG_AreaSegments (AreaID, SegmentID) VALUES (44, 438);
INSERT INTO SEG_AreaSegments (AreaID, SegmentID) VALUES (44, 439);
INSERT INTO SEG_AreaSegments (AreaID, SegmentID) VALUES (44, 440);
INSERT INTO SEG_AreaSegments (AreaID, SegmentID) VALUES (44, 441);
INSERT INTO SEG_AreaSegments (AreaID, SegmentID) VALUES (44, 442);
INSERT INTO SEG_AreaSegments (AreaID, SegmentID) VALUES (44, 443);
INSERT INTO SEG_AreaSegments (AreaID, SegmentID) VALUES (44, 444);
INSERT INTO SEG_AreaSegments (AreaID, SegmentID) VALUES (44, 445);
INSERT INTO SEG_AreaSegments (AreaID, SegmentID) VALUES (44, 446);
INSERT INTO SEG_AreaSegments (AreaID, SegmentID) VALUES (44, 447);
INSERT INTO SEG_AreaSegments (AreaID, SegmentID) VALUES (44, 448);
INSERT INTO SEG_AreaSegments (AreaID, SegmentID) VALUES (44, 449);
INSERT INTO SEG_AreaSegments (AreaID, SegmentID) VALUES (44, 459);
INSERT INTO SEG_AreaSegments (AreaID, SegmentID) VALUES (44, 465);
INSERT INTO SEG_AreaSegments (AreaID, SegmentID) VALUES (44, 632);
INSERT INTO SEG_AreaSegments (AreaID, SegmentID) VALUES (44, 633);
INSERT INTO SEG_AreaSegments (AreaID, SegmentID) VALUES (45, 110);
INSERT INTO SEG_AreaSegments (AreaID, SegmentID) VALUES (45, 111);
INSERT INTO SEG_AreaSegments (AreaID, SegmentID) VALUES (45, 256);
INSERT INTO SEG_AreaSegments (AreaID, SegmentID) VALUES (45, 257);
INSERT INTO SEG_AreaSegments (AreaID, SegmentID) VALUES (45, 258);
INSERT INTO SEG_AreaSegments (AreaID, SegmentID) VALUES (45, 259);
INSERT INTO SEG_AreaSegments (AreaID, SegmentID) VALUES (45, 261);
INSERT INTO SEG_AreaSegments (AreaID, SegmentID) VALUES (45, 262);
INSERT INTO SEG_AreaSegments (AreaID, SegmentID) VALUES (45, 266);
INSERT INTO SEG_AreaSegments (AreaID, SegmentID) VALUES (45, 301);
INSERT INTO SEG_AreaSegments (AreaID, SegmentID) VALUES (45, 302);
INSERT INTO SEG_AreaSegments (AreaID, SegmentID) VALUES (45, 321);
INSERT INTO SEG_AreaSegments (AreaID, SegmentID) VALUES (45, 322);
INSERT INTO SEG_AreaSegments (AreaID, SegmentID) VALUES (45, 358);
INSERT INTO SEG_AreaSegments (AreaID, SegmentID) VALUES (45, 359);
INSERT INTO SEG_AreaSegments (AreaID, SegmentID) VALUES (45, 360);
INSERT INTO SEG_AreaSegments (AreaID, SegmentID) VALUES (45, 361);
INSERT INTO SEG_AreaSegments (AreaID, SegmentID) VALUES (45, 478);
INSERT INTO SEG_AreaSegments (AreaID, SegmentID) VALUES (45, 480);
INSERT INTO SEG_AreaSegments (AreaID, SegmentID) VALUES (45, 481);
INSERT INTO SEG_AreaSegments (AreaID, SegmentID) VALUES (45, 607);
INSERT INTO SEG_AreaSegments (AreaID, SegmentID) VALUES (45, 609);
INSERT INTO SEG_AreaSegments (AreaID, SegmentID) VALUES (45, 611);
INSERT INTO SEG_AreaSegments (AreaID, SegmentID) VALUES (45, 612);
INSERT INTO SEG_AreaSegments (AreaID, SegmentID) VALUES (46, 6);
INSERT INTO SEG_AreaSegments (AreaID, SegmentID) VALUES (46, 45);
INSERT INTO SEG_AreaSegments (AreaID, SegmentID) VALUES (46, 69);
INSERT INTO SEG_AreaSegments (AreaID, SegmentID) VALUES (46, 70);
INSERT INTO SEG_AreaSegments (AreaID, SegmentID) VALUES (46, 71);
INSERT INTO SEG_AreaSegments (AreaID, SegmentID) VALUES (46, 73);
INSERT INTO SEG_AreaSegments (AreaID, SegmentID) VALUES (46, 75);
INSERT INTO SEG_AreaSegments (AreaID, SegmentID) VALUES (46, 76);
INSERT INTO SEG_AreaSegments (AreaID, SegmentID) VALUES (46, 77);
INSERT INTO SEG_AreaSegments (AreaID, SegmentID) VALUES (46, 78);
INSERT INTO SEG_AreaSegments (AreaID, SegmentID) VALUES (46, 79);
INSERT INTO SEG_AreaSegments (AreaID, SegmentID) VALUES (46, 80);
INSERT INTO SEG_AreaSegments (AreaID, SegmentID) VALUES (46, 81);
INSERT INTO SEG_AreaSegments (AreaID, SegmentID) VALUES (46, 82);
INSERT INTO SEG_AreaSegments (AreaID, SegmentID) VALUES (46, 83);
INSERT INTO SEG_AreaSegments (AreaID, SegmentID) VALUES (46, 84);
INSERT INTO SEG_AreaSegments (AreaID, SegmentID) VALUES (46, 85);
INSERT INTO SEG_AreaSegments (AreaID, SegmentID) VALUES (46, 86);
INSERT INTO SEG_AreaSegments (AreaID, SegmentID) VALUES (46, 87);
INSERT INTO SEG_AreaSegments (AreaID, SegmentID) VALUES (46, 88);
INSERT INTO SEG_AreaSegments (AreaID, SegmentID) VALUES (46, 89);
INSERT INTO SEG_AreaSegments (AreaID, SegmentID) VALUES (46, 90);
INSERT INTO SEG_AreaSegments (AreaID, SegmentID) VALUES (46, 101);
INSERT INTO SEG_AreaSegments (AreaID, SegmentID) VALUES (46, 102);
INSERT INTO SEG_AreaSegments (AreaID, SegmentID) VALUES (46, 103);
INSERT INTO SEG_AreaSegments (AreaID, SegmentID) VALUES (46, 105);
INSERT INTO SEG_AreaSegments (AreaID, SegmentID) VALUES (46, 106);
INSERT INTO SEG_AreaSegments (AreaID, SegmentID) VALUES (46, 107);
INSERT INTO SEG_AreaSegments (AreaID, SegmentID) VALUES (46, 125);
INSERT INTO SEG_AreaSegments (AreaID, SegmentID) VALUES (46, 137);
INSERT INTO SEG_AreaSegments (AreaID, SegmentID) VALUES (46, 138);
INSERT INTO SEG_AreaSegments (AreaID, SegmentID) VALUES (46, 139);
INSERT INTO SEG_AreaSegments (AreaID, SegmentID) VALUES (46, 140);
INSERT INTO SEG_AreaSegments (AreaID, SegmentID) VALUES (46, 141);
INSERT INTO SEG_AreaSegments (AreaID, SegmentID) VALUES (46, 154);
INSERT INTO SEG_AreaSegments (AreaID, SegmentID) VALUES (46, 156);
INSERT INTO SEG_AreaSegments (AreaID, SegmentID) VALUES (46, 157);
INSERT INTO SEG_AreaSegments (AreaID, SegmentID) VALUES (46, 160);

INSERT INTO SEG_AreaSegments (AreaID, SegmentID) VALUES (46, 161);
INSERT INTO SEG_AreaSegments (AreaID, SegmentID) VALUES (46, 162);
INSERT INTO SEG_AreaSegments (AreaID, SegmentID) VALUES (46, 166);
INSERT INTO SEG_AreaSegments (AreaID, SegmentID) VALUES (46, 170);
INSERT INTO SEG_AreaSegments (AreaID, SegmentID) VALUES (46, 173);
INSERT INTO SEG_AreaSegments (AreaID, SegmentID) VALUES (46, 195);
INSERT INTO SEG_AreaSegments (AreaID, SegmentID) VALUES (46, 342);
INSERT INTO SEG_AreaSegments (AreaID, SegmentID) VALUES (46, 343);
INSERT INTO SEG_AreaSegments (AreaID, SegmentID) VALUES (46, 348);
INSERT INTO SEG_AreaSegments (AreaID, SegmentID) VALUES (46, 349);
INSERT INTO SEG_AreaSegments (AreaID, SegmentID) VALUES (46, 362);
INSERT INTO SEG_AreaSegments (AreaID, SegmentID) VALUES (46, 363);
INSERT INTO SEG_AreaSegments (AreaID, SegmentID) VALUES (46, 364);
INSERT INTO SEG_AreaSegments (AreaID, SegmentID) VALUES (46, 367);
INSERT INTO SEG_AreaSegments (AreaID, SegmentID) VALUES (46, 368);
INSERT INTO SEG_AreaSegments (AreaID, SegmentID) VALUES (46, 381);
INSERT INTO SEG_AreaSegments (AreaID, SegmentID) VALUES (46, 385);
INSERT INTO SEG_AreaSegments (AreaID, SegmentID) VALUES (46, 491);
INSERT INTO SEG_AreaSegments (AreaID, SegmentID) VALUES (46, 492);
INSERT INTO SEG_AreaSegments (AreaID, SegmentID) VALUES (47, 46);
INSERT INTO SEG_AreaSegments (AreaID, SegmentID) VALUES (47, 47);
INSERT INTO SEG_AreaSegments (AreaID, SegmentID) VALUES (47, 48);
INSERT INTO SEG_AreaSegments (AreaID, SegmentID) VALUES (47, 93);
INSERT INTO SEG_AreaSegments (AreaID, SegmentID) VALUES (47, 109);
INSERT INTO SEG_AreaSegments (AreaID, SegmentID) VALUES (47, 164);
INSERT INTO SEG_AreaSegments (AreaID, SegmentID) VALUES (47, 165);
INSERT INTO SEG_AreaSegments (AreaID, SegmentID) VALUES (47, 183);
INSERT INTO SEG_AreaSegments (AreaID, SegmentID) VALUES (47, 184);
INSERT INTO SEG_AreaSegments (AreaID, SegmentID) VALUES (47, 185);
INSERT INTO SEG_AreaSegments (AreaID, SegmentID) VALUES (47, 186);
INSERT INTO SEG_AreaSegments (AreaID, SegmentID) VALUES (47, 203);
INSERT INTO SEG_AreaSegments (AreaID, SegmentID) VALUES (47, 204);
INSERT INTO SEG_AreaSegments (AreaID, SegmentID) VALUES (47, 205);
INSERT INTO SEG_AreaSegments (AreaID, SegmentID) VALUES (47, 206);
INSERT INTO SEG_AreaSegments (AreaID, SegmentID) VALUES (47, 250);
INSERT INTO SEG_AreaSegments (AreaID, SegmentID) VALUES (47, 251);
INSERT INTO SEG_AreaSegments (AreaID, SegmentID) VALUES (47, 252);
INSERT INTO SEG_AreaSegments (AreaID, SegmentID) VALUES (47, 253);
INSERT INTO SEG_AreaSegments (AreaID, SegmentID) VALUES (47, 306);
INSERT INTO SEG_AreaSegments (AreaID, SegmentID) VALUES (47, 335);
INSERT INTO SEG_AreaSegments (AreaID, SegmentID) VALUES (47, 344);
INSERT INTO SEG_AreaSegments (AreaID, SegmentID) VALUES (47, 345);
INSERT INTO SEG_AreaSegments (AreaID, SegmentID) VALUES (47, 431);
INSERT INTO SEG_AreaSegments (AreaID, SegmentID) VALUES (47, 486);
INSERT INTO SEG_AreaSegments (AreaID, SegmentID) VALUES (47, 549);
INSERT INTO SEG_AreaSegments (AreaID, SegmentID) VALUES (47, 551);
INSERT INTO SEG_AreaSegments (AreaID, SegmentID) VALUES (47, 552);
INSERT INTO SEG_AreaSegments (AreaID, SegmentID) VALUES (47, 554);
INSERT INTO SEG_AreaSegments (AreaID, SegmentID) VALUES (47, 557);
INSERT INTO SEG_AreaSegments (AreaID, SegmentID) VALUES (47, 626);
INSERT INTO SEG_AreaSegments (AreaID, SegmentID) VALUES (47, 627);
INSERT INTO SEG_AreaSegments (AreaID, SegmentID) VALUES (47, 629);
INSERT INTO SEG_AreaSegments (AreaID, SegmentID) VALUES (47, 641);
INSERT INTO SEG_AreaSegments (AreaID, SegmentID) VALUES (47, 642);
INSERT INTO SEG_AreaSegments (AreaID, SegmentID) VALUES (48, 8);
INSERT INTO SEG_AreaSegments (AreaID, SegmentID) VALUES (48, 41);
INSERT INTO SEG_AreaSegments (AreaID, SegmentID) VALUES (48, 62);
INSERT INTO SEG_AreaSegments (AreaID, SegmentID) VALUES (48, 63);
INSERT INTO SEG_AreaSegments (AreaID, SegmentID) VALUES (48, 68);
INSERT INTO SEG_AreaSegments (AreaID, SegmentID) VALUES (48, 118);
INSERT INTO SEG_AreaSegments (AreaID, SegmentID) VALUES (48, 124);
INSERT INTO SEG_AreaSegments (AreaID, SegmentID) VALUES (48, 143);
INSERT INTO SEG_AreaSegments (AreaID, SegmentID) VALUES (48, 144);
INSERT INTO SEG_AreaSegments (AreaID, SegmentID) VALUES (48, 145);
INSERT INTO SEG_AreaSegments (AreaID, SegmentID) VALUES (48, 146);
INSERT INTO SEG_AreaSegments (AreaID, SegmentID) VALUES (48, 147);
INSERT INTO SEG_AreaSegments (AreaID, SegmentID) VALUES (48, 148);
INSERT INTO SEG_AreaSegments (AreaID, SegmentID) VALUES (48, 149);
INSERT INTO SEG_AreaSegments (AreaID, SegmentID) VALUES (48, 150);
INSERT INTO SEG_AreaSegments (AreaID, SegmentID) VALUES (48, 153);
INSERT INTO SEG_AreaSegments (AreaID, SegmentID) VALUES (48, 193);
INSERT INTO SEG_AreaSegments (AreaID, SegmentID) VALUES (48, 194);
INSERT INTO SEG_AreaSegments (AreaID, SegmentID) VALUES (48, 196);
INSERT INTO SEG_AreaSegments (AreaID, SegmentID) VALUES (48, 197);
INSERT INTO SEG_AreaSegments (AreaID, SegmentID) VALUES (48, 214);
INSERT INTO SEG_AreaSegments (AreaID, SegmentID) VALUES (48, 215);
INSERT INTO SEG_AreaSegments (AreaID, SegmentID) VALUES (48, 216);
INSERT INTO SEG_AreaSegments (AreaID, SegmentID) VALUES (48, 217);
INSERT INTO SEG_AreaSegments (AreaID, SegmentID) VALUES (48, 218);
INSERT INTO SEG_AreaSegments (AreaID, SegmentID) VALUES (48, 219);
INSERT INTO SEG_AreaSegments (AreaID, SegmentID) VALUES (48, 220);
INSERT INTO SEG_AreaSegments (AreaID, SegmentID) VALUES (48, 221);
INSERT INTO SEG_AreaSegments (AreaID, SegmentID) VALUES (48, 243);
INSERT INTO SEG_AreaSegments (AreaID, SegmentID) VALUES (48, 244);
INSERT INTO SEG_AreaSegments (AreaID, SegmentID) VALUES (48, 245);
INSERT INTO SEG_AreaSegments (AreaID, SegmentID) VALUES (48, 326);
INSERT INTO SEG_AreaSegments (AreaID, SegmentID) VALUES (48, 350);
INSERT INTO SEG_AreaSegments (AreaID, SegmentID) VALUES (48, 351);
INSERT INTO SEG_AreaSegments (AreaID, SegmentID) VALUES (48, 352);
INSERT INTO SEG_AreaSegments (AreaID, SegmentID) VALUES (48, 353);
INSERT INTO SEG_AreaSegments (AreaID, SegmentID) VALUES (48, 355);
INSERT INTO SEG_AreaSegments (AreaID, SegmentID) VALUES (48, 356);
INSERT INTO SEG_AreaSegments (AreaID, SegmentID) VALUES (48, 357);
INSERT INTO SEG_AreaSegments (AreaID, SegmentID) VALUES (48, 380);
INSERT INTO SEG_AreaSegments (AreaID, SegmentID) VALUES (48, 472);
INSERT INTO SEG_AreaSegments (AreaID, SegmentID) VALUES (48, 639);
INSERT INTO SEG_AreaSegments (AreaID, SegmentID) VALUES (49, 17);
INSERT INTO SEG_AreaSegments (AreaID, SegmentID) VALUES (49, 134);
INSERT INTO SEG_AreaSegments (AreaID, SegmentID) VALUES (49, 284);
INSERT INTO SEG_AreaSegments (AreaID, SegmentID) VALUES (49, 285);

INSERT INTO SEG_AreaSegments (AreaID, SegmentID) VALUES (49, 286);
INSERT INTO SEG_AreaSegments (AreaID, SegmentID) VALUES (49, 287);
INSERT INTO SEG_AreaSegments (AreaID, SegmentID) VALUES (49, 288);
INSERT INTO SEG_AreaSegments (AreaID, SegmentID) VALUES (49, 289);
INSERT INTO SEG_AreaSegments (AreaID, SegmentID) VALUES (49, 290);
INSERT INTO SEG_AreaSegments (AreaID, SegmentID) VALUES (49, 309);
INSERT INTO SEG_AreaSegments (AreaID, SegmentID) VALUES (49, 310);
INSERT INTO SEG_AreaSegments (AreaID, SegmentID) VALUES (49, 419);
INSERT INTO SEG_AreaSegments (AreaID, SegmentID) VALUES (49, 526);
INSERT INTO SEG_AreaSegments (AreaID, SegmentID) VALUES (50, 11);
INSERT INTO SEG_AreaSegments (AreaID, SegmentID) VALUES (50, 12);
INSERT INTO SEG_AreaSegments (AreaID, SegmentID) VALUES (50, 13);
INSERT INTO SEG_AreaSegments (AreaID, SegmentID) VALUES (50, 14);
INSERT INTO SEG_AreaSegments (AreaID, SegmentID) VALUES (50, 21);
INSERT INTO SEG_AreaSegments (AreaID, SegmentID) VALUES (50, 22);
INSERT INTO SEG_AreaSegments (AreaID, SegmentID) VALUES (50, 23);
INSERT INTO SEG_AreaSegments (AreaID, SegmentID) VALUES (50, 26);
INSERT INTO SEG_AreaSegments (AreaID, SegmentID) VALUES (50, 27);
INSERT INTO SEG_AreaSegments (AreaID, SegmentID) VALUES (50, 51);
INSERT INTO SEG_AreaSegments (AreaID, SegmentID) VALUES (50, 52);
INSERT INTO SEG_AreaSegments (AreaID, SegmentID) VALUES (50, 53);
INSERT INTO SEG_AreaSegments (AreaID, SegmentID) VALUES (50, 54);
INSERT INTO SEG_AreaSegments (AreaID, SegmentID) VALUES (50, 55);
INSERT INTO SEG_AreaSegments (AreaID, SegmentID) VALUES (50, 56);
INSERT INTO SEG_AreaSegments (AreaID, SegmentID) VALUES (50, 114);
INSERT INTO SEG_AreaSegments (AreaID, SegmentID) VALUES (50, 128);
INSERT INTO SEG_AreaSegments (AreaID, SegmentID) VALUES (50, 129);
INSERT INTO SEG_AreaSegments (AreaID, SegmentID) VALUES (50, 131);
INSERT INTO SEG_AreaSegments (AreaID, SegmentID) VALUES (50, 133);
INSERT INTO SEG_AreaSegments (AreaID, SegmentID) VALUES (50, 158);
INSERT INTO SEG_AreaSegments (AreaID, SegmentID) VALUES (50, 159);
INSERT INTO SEG_AreaSegments (AreaID, SegmentID) VALUES (50, 178);
INSERT INTO SEG_AreaSegments (AreaID, SegmentID) VALUES (50, 179);
INSERT INTO SEG_AreaSegments (AreaID, SegmentID) VALUES (50, 180);
INSERT INTO SEG_AreaSegments (AreaID, SegmentID) VALUES (50, 181);
INSERT INTO SEG_AreaSegments (AreaID, SegmentID) VALUES (50, 182);
INSERT INTO SEG_AreaSegments (AreaID, SegmentID) VALUES (50, 234);
INSERT INTO SEG_AreaSegments (AreaID, SegmentID) VALUES (50, 235);
INSERT INTO SEG_AreaSegments (AreaID, SegmentID) VALUES (50, 236);
INSERT INTO SEG_AreaSegments (AreaID, SegmentID) VALUES (50, 237);
INSERT INTO SEG_AreaSegments (AreaID, SegmentID) VALUES (50, 238);
INSERT INTO SEG_AreaSegments (AreaID, SegmentID) VALUES (50, 239);
INSERT INTO SEG_AreaSegments (AreaID, SegmentID) VALUES (50, 240);
INSERT INTO SEG_AreaSegments (AreaID, SegmentID) VALUES (50, 241);
INSERT INTO SEG_AreaSegments (AreaID, SegmentID) VALUES (50, 242);
INSERT INTO SEG_AreaSegments (AreaID, SegmentID) VALUES (50, 320);
INSERT INTO SEG_AreaSegments (AreaID, SegmentID) VALUES (50, 561);
INSERT INTO SEG_AreaSegments (AreaID, SegmentID) VALUES (50, 562);
INSERT INTO SEG_AreaSegments (AreaID, SegmentID) VALUES (50, 563);
INSERT INTO SEG_AreaSegments (AreaID, SegmentID) VALUES (50, 565);
INSERT INTO SEG_AreaSegments (AreaID, SegmentID) VALUES (50, 566);
INSERT INTO SEG_AreaSegments (AreaID, SegmentID) VALUES (50, 573);
INSERT INTO SEG_AreaSegments (AreaID, SegmentID) VALUES (50, 574);
INSERT INTO SEG_AreaSegments (AreaID, SegmentID) VALUES (50, 575);
INSERT INTO SEG_AreaSegments (AreaID, SegmentID) VALUES (50, 579);
INSERT INTO SEG_AreaSegments (AreaID, SegmentID) VALUES (50, 619);
INSERT INTO SEG_AreaSegments (AreaID, SegmentID) VALUES (50, 652);
INSERT INTO SEG_AreaSegments (AreaID, SegmentID) VALUES (50, 653);
INSERT INTO SEG_AreaSegments (AreaID, SegmentID) VALUES (50, 654);
INSERT INTO SEG_AreaSegments (AreaID, SegmentID) VALUES (50, 655);
INSERT INTO SEG_AreaSegments (AreaID, SegmentID) VALUES (50, 656);
INSERT INTO SEG_AreaSegments (AreaID, SegmentID) VALUES (50, 658);
INSERT INTO SEG_AreaSegments (AreaID, SegmentID) VALUES (50, 661);
INSERT INTO SEG_AreaSegments (AreaID, SegmentID) VALUES (50, 662);
INSERT INTO SEG_AreaSegments (AreaID, SegmentID) VALUES (51, 28);
INSERT INTO SEG_AreaSegments (AreaID, SegmentID) VALUES (51, 29);
INSERT INTO SEG_AreaSegments (AreaID, SegmentID) VALUES (51, 30);
INSERT INTO SEG_AreaSegments (AreaID, SegmentID) VALUES (51, 91);
INSERT INTO SEG_AreaSegments (AreaID, SegmentID) VALUES (51, 121);
INSERT INTO SEG_AreaSegments (AreaID, SegmentID) VALUES (51, 122);
INSERT INTO SEG_AreaSegments (AreaID, SegmentID) VALUES (51, 172);
INSERT INTO SEG_AreaSegments (AreaID, SegmentID) VALUES (51, 174);
INSERT INTO SEG_AreaSegments (AreaID, SegmentID) VALUES (51, 222);
INSERT INTO SEG_AreaSegments (AreaID, SegmentID) VALUES (51, 223);
INSERT INTO SEG_AreaSegments (AreaID, SegmentID) VALUES (51, 224);
INSERT INTO SEG_AreaSegments (AreaID, SegmentID) VALUES (51, 225);
INSERT INTO SEG_AreaSegments (AreaID, SegmentID) VALUES (51, 226);
INSERT INTO SEG_AreaSegments (AreaID, SegmentID) VALUES (51, 228);
INSERT INTO SEG_AreaSegments (AreaID, SegmentID) VALUES (51, 263);
INSERT INTO SEG_AreaSegments (AreaID, SegmentID) VALUES (51, 264);
INSERT INTO SEG_AreaSegments (AreaID, SegmentID) VALUES (51, 265);
INSERT INTO SEG_AreaSegments (AreaID, SegmentID) VALUES (51, 267);
INSERT INTO SEG_AreaSegments (AreaID, SegmentID) VALUES (51, 268);
INSERT INTO SEG_AreaSegments (AreaID, SegmentID) VALUES (51, 269);
INSERT INTO SEG_AreaSegments (AreaID, SegmentID) VALUES (51, 274);
INSERT INTO SEG_AreaSegments (AreaID, SegmentID) VALUES (51, 275);
INSERT INTO SEG_AreaSegments (AreaID, SegmentID) VALUES (51, 375);
INSERT INTO SEG_AreaSegments (AreaID, SegmentID) VALUES (51, 376);
INSERT INTO SEG_AreaSegments (AreaID, SegmentID) VALUES (51, 483);
INSERT INTO SEG_AreaSegments (AreaID, SegmentID) VALUES (51, 484);

/*


*/

INSERT INTO SEG_Segments (ID, RouteID, NameID, Name, SortingOrder, PrimaryMP, PrimaryLatitude, PrimaryLongitude, SecondaryMP, SecondaryLatitude, SecondaryLongitude, RouteSegmentIndex, ParentAreaID, ParentSubAreaID) VALUES (313, 17, N'Hwy 22 - Trail to Castlegar', N'Highway 22, between Second St (near Trail) and the end of Highway 22 (Castlegar)', 15, 20.24, 49.096928380695843, -117.71563191064696, 45.939, 49.29748557, -117.6551722, 3, 44, 15);
INSERT INTO SEG_Segments (ID, RouteID, NameID, Name, SortingOrder, PrimaryMP, PrimaryLatitude, PrimaryLongitude, SecondaryMP, SecondaryLatitude, SecondaryLongitude, RouteSegmentIndex, ParentAreaID, ParentSubAreaID) VALUES (314, 23, N'Hwy 3 - Eholt Summit to Grand Forks', N'Highway 3, between Gowrie St (2 miles west of Eholt Summit) and Bluff St (near Grand Forks)', 4, 347.4, 49.14542697694268, -118.53437070389369, 373.44, 49.034505083333329, -118.4351213, 14, 44, 15);
INSERT INTO SEG_Segments (ID, RouteID, NameID, Name, SortingOrder, PrimaryMP, PrimaryLatitude, PrimaryLongitude, SecondaryMP, SecondaryLatitude, SecondaryLongitude, RouteSegmentIndex, ParentAreaID, ParentSubAreaID) VALUES (315, 23, N'Hwy 3 - Grand Forks to 7.5km east of Christina Lake', N'Highway 3, between Riverside Dr (near Grand Forks) and Paulson Cross Country Recsite (near Christina Lake)', 5, 373.44, 49.034505083333329, -118.4351213, 400.88, 49.100723097296758, -118.22212032359344, 15, 44, 15);
INSERT INTO SEG_Segments (ID, RouteID, NameID, Name, SortingOrder, PrimaryMP, PrimaryLatitude, PrimaryLongitude, SecondaryMP, SecondaryLatitude, SecondaryLongitude, RouteSegmentIndex, ParentAreaID, ParentSubAreaID) VALUES (316, 23, N'Hwy 3 - 7.5km east of Christina Lake to Paulson Bridge', N'Highway 3, between 68th Ave (near Christina Lake) and Paulson Cross Country Recsite (15 miles east of Christina Lake)', 6, 400.88, 49.100723097296758, -118.22212032359344, 417.83, 49.189406964405286, -118.1133543845815, 16, 44, 15);
INSERT INTO SEG_Segments (ID, RouteID, NameID, Name, SortingOrder, PrimaryMP, PrimaryLatitude, PrimaryLongitude, SecondaryMP, SecondaryLatitude, SecondaryLongitude, RouteSegmentIndex, ParentAreaID, ParentSubAreaID) VALUES (318, 58, N'Hwy 3A - Castlegar to Brilliant', N'Highway 3A, between Marron Valley Rd (1 mile west of Castlegar) and Brilliant Powerplant Rd (1 mile east of Brilliant)', 10, 78.618, 49.2923361, -117.6371682, 83.51, 49.3289457243301, -117.618445947285, 4, 44, 15);
INSERT INTO SEG_Segments (ID, RouteID, NameID, Name, SortingOrder, PrimaryMP, PrimaryLatitude, PrimaryLongitude, SecondaryMP, SecondaryLatitude, SecondaryLongitude, RouteSegmentIndex, ParentAreaID, ParentSubAreaID) VALUES (319, 59, N'Hwy 3B - Trail to Junction Hwy 3 Meadows Junction', N'Highway 3B, between Highway 22 Jct E (Trail) and Highway 3 Jct E (14 miles east of Fruitvale)', 12, 28.321, 49.096512611514363, -117.7151279922152, 58.815, 49.1878297451331, -117.420594285183, 2, 44, 15);
INSERT INTO SEG_Segments (ID, RouteID, NameID, Name, SortingOrder, PrimaryMP, PrimaryLatitude, PrimaryLongitude, SecondaryMP, SecondaryLatitude, SecondaryLongitude, RouteSegmentIndex, ParentAreaID, ParentSubAreaID) VALUES (320, 1, N'Hwy 1 - Yale to Jackass Mountain', N'Highway 1, between Albert St (near Yale) and Jackass Summit (2 miles east of Jackass Mountain Summit)', 8, 370.1548497, 49.562747014543682, -121.42886747603878, 439.306, 50.0973790770997, -121.555178736433, 31, 50, 6);
INSERT INTO SEG_Segments (ID, RouteID, NameID, Name, SortingOrder, PrimaryMP, PrimaryLatitude, PrimaryLongitude, SecondaryMP, SecondaryLatitude, SecondaryLongitude, RouteSegmentIndex, ParentAreaID, ParentSubAreaID) VALUES (321, 67, N'Hwy 97 - Bear Lake to McLeod Lake', N'Highway 97, between Grizzly Ave (57 miles north of Prince George) and Carp Lake Rd (McLeod Lake)', 9, 786.462, 54.494834199354, -122.683429203772, 850.255, 54.9918265422555, -123.033149634638, 28, 45, 31);
INSERT INTO SEG_Segments (ID, RouteID, NameID, Name, SortingOrder, PrimaryMP, PrimaryLatitude, PrimaryLongitude, SecondaryMP, SecondaryLatitude, SecondaryLongitude, RouteSegmentIndex, ParentAreaID, ParentSubAreaID) VALUES (322, 67, N'Hwy 97 - Salmon Valley to Bear Lake', N'Highway 97, between Mitchell Rd and Grizzly Ave (22 to 57 miles north of Prince George)', 8, 751.137, 54.1977596967289, -122.603470000179, 786.462, 54.494834199354, -122.683429203772, 27, 45, 31);
INSERT INTO SEG_Segments (ID, RouteID, NameID, Name, SortingOrder, PrimaryMP, PrimaryLatitude, PrimaryLongitude, SecondaryMP, SecondaryLatitude, SecondaryLongitude, RouteSegmentIndex, ParentAreaID, ParentSubAreaID) VALUES (326, 1, N'Hwy 1 - 10 km East of Cache Creek to Spences Bridge', N'Highway 1, between Nicoamen River Rd (near Spences Bridge) and Juniper Beach Prov Park Access Rd (8 miles east of Cache Creek)', 1, 489.8, 50.414272729138972, -121.35835844725655, 549.4064145, 50.785548644386672, -121.18800418772068, 34, 48, 24);
INSERT INTO SEG_Segments (ID, RouteID, NameID, Name, SortingOrder, PrimaryMP, PrimaryLatitude, PrimaryLongitude, SecondaryMP, SecondaryLatitude, SecondaryLongitude, RouteSegmentIndex, ParentAreaID, ParentSubAreaID) VALUES (334, 49, N'Hwy 97D - Exit 336 to Junction w/ Hwy 97C (Seg 14)', N'Highway 97D, between the start of Highway 97D (near Logan Lake) and Meadow Creek Rd (22 miles east of Logan Lake)', 18, 0, 50.48844957, -120.8320023, 24.133, 50.48668353, -120.5422604, 1, 42, 21);